Order ID,Start Location,End Location,Distance (km),Urgency,Transportation Method,Transportation Cost ($),Fuel Efficiency (km/l),Emissions (gCO2/km)
ORD1000,"Cairo, EG","Paris, FR",2508,High,Ship,125.4,0.3697097786024831,140.6541603809418
ORD1001,"New York City, US","Cairo, EG",482,Medium,Plane,14.459999999999999,0.3834639895761104,115.98505828355457
ORD1002,"Tokyo, JP","Cairo, EG",2004,High,Plane,100.2,0.1727396249012792,68.10580821070401
ORD1003,"Los Angeles, US","London, UK",277,Medium,Plane,8.31,0.47368607781953564,351.5996032763704
ORD1004,"Paris, FR","Tokyo, JP",467,Medium,Plane,14.01,0.2743892345434813,364.1514382397316
ORD1005,"London, UK","Cairo, EG",4190,Medium,Ship,125.69999999999999,0.47568953416201254,464.3081988407026
ORD1006,"Paris, FR","New York City, US",1887,High,Ship,94.35000000000001,0.2807143772523698,417.34290412182594
ORD1007,"Paris, FR","London, UK",1305,Low,Train,26.1,0.3260143587903535,365.5470316270161
ORD1008,"Paris, FR","Tokyo, JP",2267,Low,Train,45.34,0.18654416525299494,426.3991694661303
ORD1009,"New York City, US","Los Angeles, US",1456,High,Train,72.8,0.46785163429744847,85.32719429514475
ORD1010,"London, UK","New York City, US",999,High,Train,49.95,0.27582880784566766,218.87937042006317
ORD1011,"New York City, US","Los Angeles, US",408,High,Plane,20.400000000000002,0.13618016963408028,112.98350549423546
ORD1012,"Cairo, EG","Tokyo, JP",730,Low,Ship,14.6,0.4059943524322931,428.3380077465682
ORD1013,"Paris, FR","Cairo, EG",4729,Low,Train,94.58,0.2658246074377946,357.648438951975
ORD1014,"New York City, US","Los Angeles, US",1580,Low,Train,31.6,0.27965064177775234,60.547810481548474
ORD1015,"London, UK","London, UK",3130,Medium,Ship,93.89999999999999,0.14294506431853693,121.94678240311411
ORD1016,"Cairo, EG","Paris, FR",2428,Medium,Train,72.84,0.4108478548712666,495.8391955406147
ORD1017,"Tokyo, JP","Tokyo, JP",2420,Medium,Plane,72.6,0.1713616860569555,138.2388180527509
ORD1018,"London, UK","Paris, FR",4858,Medium,Ship,145.73999999999998,0.10646473355764861,406.12518623318886
ORD1019,"Tokyo, JP","London, UK",4402,Low,Plane,88.04,0.24239047506378994,416.77280949332436
ORD1020,"London, UK","Paris, FR",4851,High,Plane,242.55,0.4640993264821527,492.5721522859105
ORD1021,"Los Angeles, US","Tokyo, JP",3882,High,Train,194.10000000000002,0.30788466607188514,128.35088539888986
ORD1022,"London, UK","Cairo, EG",4311,Medium,Train,129.32999999999998,0.3784966823540995,91.50670135896593
ORD1023,"Los Angeles, US","Los Angeles, US",1824,Low,Train,36.480000000000004,0.25150807672418574,259.0160653218988
ORD1024,"Paris, FR","Cairo, EG",3872,Low,Plane,77.44,0.2517811265277685,281.18831317289937
ORD1025,"Tokyo, JP","Paris, FR",2470,Medium,Ship,74.1,0.4393133862406715,335.7137540738619
ORD1026,"Cairo, EG","Tokyo, JP",2961,Medium,Plane,88.83,0.1293421601438791,439.0295748043592
ORD1027,"Cairo, EG","Los Angeles, US",2924,Medium,Plane,87.72,0.37663518699418796,136.54974724077167
ORD1028,"London, UK","Tokyo, JP",2254,Medium,Plane,67.62,0.3917501320350135,146.67726883757132
ORD1029,"Paris, FR","Paris, FR",4378,High,Train,218.9,0.20208149380725318,238.46755349138195
ORD1030,"London, UK","Cairo, EG",3203,Low,Plane,64.06,0.2527425504449513,242.92846042248206
ORD1031,"Cairo, EG","New York City, US",2456,Medium,Ship,73.67999999999999,0.3577612115341423,322.463767880912
ORD1032,"Tokyo, JP","London, UK",2520,High,Ship,126.0,0.47811390887668537,109.743781110225
ORD1033,"Los Angeles, US","Tokyo, JP",1457,High,Plane,72.85000000000001,0.35777047234604953,267.34905475756017
ORD1034,"Tokyo, JP","Paris, FR",4325,Low,Ship,86.5,0.23879121406982456,154.29707234108258
ORD1035,"Tokyo, JP","Cairo, EG",4541,High,Plane,227.05,0.33987663571683324,231.6213604729836
ORD1036,"Los Angeles, US","New York City, US",3874,Medium,Train,116.22,0.40767703093413743,343.1501169148668
ORD1037,"Paris, FR","New York City, US",408,High,Plane,20.400000000000002,0.21829140719544116,206.38676969583844
ORD1038,"London, UK","Los Angeles, US",819,Medium,Ship,24.57,0.33403270297702703,342.6695810876012
ORD1039,"Los Angeles, US","Los Angeles, US",2595,Low,Train,51.9,0.2007128219486839,436.88105474181765
ORD1040,"New York City, US","Cairo, EG",2234,Medium,Train,67.02,0.15443205123414183,205.65099337791608
ORD1041,"Los Angeles, US","Cairo, EG",3988,Low,Ship,79.76,0.17958679031770963,53.53484125760075
ORD1042,"Cairo, EG","Los Angeles, US",2530,Low,Plane,50.6,0.2213136813490799,186.51038679507613
ORD1043,"New York City, US","New York City, US",336,Low,Ship,6.72,0.3099440394744073,263.1989178482123
ORD1044,"Los Angeles, US","Cairo, EG",3967,Medium,Plane,119.00999999999999,0.24540027169532197,268.63174905617586
ORD1045,"Cairo, EG","New York City, US",1524,Medium,Train,45.72,0.1919459217472654,169.93023684067015
ORD1046,"Cairo, EG","London, UK",4750,Low,Train,95.0,0.21916942291035563,101.80442024968865
ORD1047,"Los Angeles, US","New York City, US",1839,High,Plane,91.95,0.12142004336278443,188.89171617406484
ORD1048,"Tokyo, JP","London, UK",3604,Medium,Ship,108.11999999999999,0.37243958153847934,159.93030351604978
ORD1049,"New York City, US","Los Angeles, US",1739,High,Train,86.95,0.21537390531796283,69.39859096409948
ORD1050,"Cairo, EG","Cairo, EG",408,Low,Train,8.16,0.1781986057223867,275.45943397883843
ORD1051,"London, UK","Cairo, EG",4541,Medium,Ship,136.23,0.24535937259343205,219.90646372904968
ORD1052,"Paris, FR","Tokyo, JP",917,Low,Ship,18.34,0.23580503476419634,117.99835661522357
ORD1053,"Tokyo, JP","Cairo, EG",4235,Low,Plane,84.7,0.3766497470313732,269.6728581084475
ORD1054,"Paris, FR","London, UK",1838,Low,Train,36.76,0.3569374713000738,183.8471939324578
ORD1055,"Los Angeles, US","Cairo, EG",173,Medium,Train,5.1899999999999995,0.1843804537958917,471.29823631525227
ORD1056,"New York City, US","New York City, US",1959,Medium,Train,58.769999999999996,0.23058400645003463,493.93878119469395
ORD1057,"New York City, US","Paris, FR",2686,High,Plane,134.3,0.22263565454416356,336.7821160407942
ORD1058,"Cairo, EG","New York City, US",328,High,Plane,16.400000000000002,0.11080120112380874,410.92577700722774
ORD1059,"Cairo, EG","Tokyo, JP",4064,High,Plane,203.20000000000002,0.1616420229633042,261.99282505020744
ORD1060,"New York City, US","Cairo, EG",292,High,Plane,14.600000000000001,0.3081968421669628,381.51565017967727
ORD1061,"Paris, FR","Cairo, EG",2019,Low,Ship,40.38,0.26248984355746663,305.25662559374734
ORD1062,"New York City, US","Paris, FR",1410,High,Train,70.5,0.15836714598913343,262.1787194355254
ORD1063,"Cairo, EG","Tokyo, JP",727,High,Plane,36.35,0.48685470036343903,335.0793569326453
ORD1064,"London, UK","New York City, US",1692,High,Ship,84.60000000000001,0.2434294972450094,99.639928463418
ORD1065,"Paris, FR","Tokyo, JP",4382,Low,Train,87.64,0.18870024152185155,470.44916927596995
ORD1066,"Paris, FR","Paris, FR",1244,High,Train,62.2,0.37290385839793505,59.066909293323675
ORD1067,"Tokyo, JP","Tokyo, JP",1123,High,Ship,56.150000000000006,0.18238867361442362,458.9344664963532
ORD1068,"Los Angeles, US","London, UK",4099,High,Plane,204.95000000000002,0.48600079053291967,415.77101732006906
ORD1069,"New York City, US","Cairo, EG",3407,Medium,Plane,102.21,0.4140656935053182,110.6636121928401
ORD1070,"Tokyo, JP","London, UK",1368,Medium,Train,41.04,0.10439118889490984,375.04053942201665
ORD1071,"London, UK","Los Angeles, US",4127,Low,Ship,82.54,0.4901107594557793,318.44295879532365
ORD1072,"New York City, US","New York City, US",4789,Medium,Train,143.67,0.422020557030642,74.06639884247359
ORD1073,"Los Angeles, US","Los Angeles, US",878,High,Ship,43.900000000000006,0.11095018537548561,296.8432910271537
ORD1074,"Paris, FR","Los Angeles, US",4893,Medium,Ship,146.79,0.1237615457509767,340.42977894674004
ORD1075,"Los Angeles, US","Cairo, EG",1074,Medium,Ship,32.22,0.2418334625712232,175.3956172976931
ORD1076,"New York City, US","New York City, US",3377,Low,Train,67.54,0.17167329957348154,348.8768956712385
ORD1077,"New York City, US","New York City, US",1806,Medium,Ship,54.18,0.38447448670403817,327.33169961555285
ORD1078,"Tokyo, JP","Paris, FR",776,Medium,Plane,23.279999999999998,0.27316096979911986,66.32974566027698
ORD1079,"Los Angeles, US","Tokyo, JP",4690,Medium,Train,140.7,0.40898368800048557,93.32431122186352
ORD1080,"Cairo, EG","Los Angeles, US",3649,Medium,Ship,109.47,0.12412774190091379,186.9517760760905
ORD1081,"London, UK","Paris, FR",286,Low,Plane,5.72,0.4419705629430638,243.90861969804172
ORD1082,"New York City, US","New York City, US",3579,Medium,Ship,107.36999999999999,0.1712749071785496,171.16959067881135
ORD1083,"Cairo, EG","Tokyo, JP",3450,Medium,Ship,103.5,0.35098273289849446,225.035593863423
ORD1084,"Paris, FR","Cairo, EG",4187,High,Ship,209.35000000000002,0.11904126548127479,329.57087147362483
ORD1085,"Cairo, EG","Los Angeles, US",4101,High,Train,205.05,0.31657319022176256,211.75066887166136
ORD1086,"Paris, FR","London, UK",3218,Low,Plane,64.36,0.3986589001109325,259.6174031874118
ORD1087,"Cairo, EG","Paris, FR",2281,Medium,Plane,68.42999999999999,0.20114722729824194,219.88101856066433
ORD1088,"Cairo, EG","Cairo, EG",2040,Low,Ship,40.800000000000004,0.29494543687082825,302.1264078864875
ORD1089,"New York City, US","New York City, US",1501,Low,Ship,30.02,0.4183842389847483,341.5135656011003
ORD1090,"Paris, FR","London, UK",1408,Low,Plane,28.16,0.3527886908521478,186.04484168802938
ORD1091,"Paris, FR","Los Angeles, US",2154,Low,Plane,43.08,0.4100511318308966,184.07760723127308
ORD1092,"Paris, FR","Tokyo, JP",1438,Medium,Train,43.14,0.3087567151981969,121.45526757607215
ORD1093,"Los Angeles, US","Los Angeles, US",4453,Medium,Ship,133.59,0.3846898093456149,429.5942162865955
ORD1094,"Tokyo, JP","New York City, US",2306,Low,Train,46.12,0.4297435379034954,69.74934552374275
ORD1095,"Paris, FR","Cairo, EG",1067,High,Plane,53.35,0.23906878225041434,266.82188088829304
ORD1096,"Tokyo, JP","Tokyo, JP",4365,Low,Train,87.3,0.4025150822506005,413.6295536927487
ORD1097,"Paris, FR","Tokyo, JP",1997,Medium,Train,59.91,0.22792747851682377,441.0349198544351
ORD1098,"Cairo, EG","Paris, FR",2407,Low,Train,48.14,0.48733974772677124,452.18927555829083
ORD1099,"New York City, US","Cairo, EG",220,Low,Plane,4.4,0.16888663343035692,228.19642727972214
ORD1100,"London, UK","Tokyo, JP",2973,Low,Plane,59.46,0.24892279923097554,78.79175904868272
ORD1101,"Los Angeles, US","Cairo, EG",4750,Low,Train,95.0,0.3224164401023597,336.01699391802885
ORD1102,"Los Angeles, US","Cairo, EG",2631,Low,Plane,52.620000000000005,0.2637713242947891,222.99335857186261
ORD1103,"Los Angeles, US","Tokyo, JP",3522,Medium,Plane,105.66,0.12081449473184969,234.19469790552992
ORD1104,"Cairo, EG","Los Angeles, US",2353,High,Ship,117.65,0.3625596310381255,338.20441689194723
ORD1105,"Cairo, EG","Los Angeles, US",2348,High,Plane,117.4,0.3103429443706236,175.2447767471001
ORD1106,"Cairo, EG","London, UK",3961,Low,Ship,79.22,0.4900761193127906,265.8822401174647
ORD1107,"New York City, US","Los Angeles, US",1186,High,Ship,59.300000000000004,0.13160576590325698,213.2822230906427
ORD1108,"Cairo, EG","Los Angeles, US",2530,Low,Plane,50.6,0.2688167260350301,497.7607852830718
ORD1109,"Tokyo, JP","Tokyo, JP",2835,High,Ship,141.75,0.47567259227638614,102.59670073780083
ORD1110,"Tokyo, JP","London, UK",4680,Medium,Train,140.4,0.45688804266297967,392.50044603767026
ORD1111,"Cairo, EG","Los Angeles, US",1566,Medium,Ship,46.98,0.4314929449117654,331.9304196414058
ORD1112,"London, UK","Paris, FR",3667,Low,Ship,73.34,0.17073237663789698,482.14194137322966
ORD1113,"Cairo, EG","London, UK",129,Medium,Plane,3.8699999999999997,0.3091528850702974,396.67382329598365
ORD1114,"Los Angeles, US","New York City, US",1906,High,Plane,95.30000000000001,0.4206108892398007,170.48501570185203
ORD1115,"London, UK","London, UK",3967,Medium,Plane,119.00999999999999,0.10341380646852959,181.3224251098104
ORD1116,"Tokyo, JP","Tokyo, JP",3873,High,Ship,193.65,0.12324489234446637,221.5818135988862
ORD1117,"Cairo, EG","Tokyo, JP",2083,High,Train,104.15,0.39389240650948654,235.52414012124572
ORD1118,"Cairo, EG","New York City, US",2016,High,Train,100.80000000000001,0.19181749390179068,396.0397135143318
ORD1119,"Cairo, EG","New York City, US",4175,High,Plane,208.75,0.43759472514026687,472.5947898580172
ORD1120,"Cairo, EG","Los Angeles, US",2952,High,Train,147.6,0.44491282729846404,485.27882459542786
ORD1121,"London, UK","New York City, US",3110,Low,Ship,62.2,0.3624270120578724,408.66640628969753
ORD1122,"New York City, US","Tokyo, JP",2771,Medium,Ship,83.13,0.4083687404926193,332.4262269554686
ORD1123,"Tokyo, JP","Paris, FR",2926,High,Ship,146.3,0.17834890681351553,290.2574301243724
ORD1124,"Tokyo, JP","New York City, US",4382,Medium,Ship,131.46,0.3643368828635687,156.91221216709238
ORD1125,"Los Angeles, US","Los Angeles, US",4883,Low,Train,97.66,0.34750487808280683,347.042268197501
ORD1126,"Tokyo, JP","Los Angeles, US",2397,Medium,Ship,71.91,0.3534787195199274,95.68596419587467
ORD1127,"Paris, FR","New York City, US",1595,Low,Train,31.900000000000002,0.12588829228432089,95.49088137978161
ORD1128,"New York City, US","Tokyo, JP",1266,Medium,Ship,37.98,0.45566942014487366,233.43512214939574
ORD1129,"Los Angeles, US","Los Angeles, US",1458,Medium,Train,43.739999999999995,0.12575813973053918,393.6706432217603
ORD1130,"London, UK","London, UK",2359,Low,Plane,47.18,0.175058833050016,176.90878586556835
ORD1131,"Paris, FR","Los Angeles, US",2056,Medium,Train,61.68,0.16148708740989776,202.54171990550225
ORD1132,"London, UK","Cairo, EG",4849,Low,Plane,96.98,0.45209056926530866,229.45648713717625
ORD1133,"New York City, US","Cairo, EG",3224,Low,Ship,64.48,0.25854060398515083,477.9712349512749
ORD1134,"London, UK","Paris, FR",336,Low,Ship,6.72,0.49978086450352854,462.79076932031484
ORD1135,"Cairo, EG","London, UK",1566,Low,Plane,31.32,0.17620655512034974,243.180571195543
ORD1136,"Tokyo, JP","London, UK",4304,Low,Plane,86.08,0.3297838309824171,375.77134012598907
ORD1137,"London, UK","Tokyo, JP",1959,Low,Plane,39.18,0.4777989132982614,271.2507016053578
ORD1138,"Los Angeles, US","Paris, FR",4189,Medium,Train,125.67,0.39426880308069434,203.1379473738998
ORD1139,"New York City, US","Cairo, EG",878,Low,Plane,17.56,0.49547113919915897,369.2503538020221
ORD1140,"Cairo, EG","New York City, US",129,Medium,Plane,3.8699999999999997,0.3969038169497302,217.9451976310824
ORD1141,"London, UK","Paris, FR",2184,Medium,Train,65.52,0.38765087504696294,264.9731730290369
ORD1142,"New York City, US","Los Angeles, US",4064,Low,Train,81.28,0.11801430059475898,102.61639386752742
ORD1143,"Cairo, EG","London, UK",2418,Low,Train,48.36,0.14333373457329515,320.03733534391887
ORD1144,"Tokyo, JP","Los Angeles, US",1490,Medium,Ship,44.699999999999996,0.23371110380311366,218.39722806132391
ORD1145,"Tokyo, JP","Cairo, EG",1217,Low,Train,24.34,0.3612103247193047,161.39055602790884
ORD1146,"Tokyo, JP","Los Angeles, US",2164,High,Ship,108.2,0.22499955651602377,94.55038881066221
ORD1147,"Cairo, EG","New York City, US",3991,High,Ship,199.55,0.35755211161449385,401.96478040855277
ORD1148,"Cairo, EG","Paris, FR",2040,High,Plane,102.0,0.30357460527451063,128.29921614421937
ORD1149,"London, UK","Paris, FR",3481,Medium,Plane,104.42999999999999,0.2941133239756847,317.53994120898716
ORD1150,"Tokyo, JP","London, UK",3116,High,Ship,155.8,0.15500807946226403,288.8230737585968
ORD1151,"Tokyo, JP","London, UK",1946,High,Plane,97.30000000000001,0.2396276692405814,416.2058574713314
ORD1152,"Tokyo, JP","Los Angeles, US",4127,Low,Train,82.54,0.48123176408546064,97.43254698879315
ORD1153,"New York City, US","Los Angeles, US",3579,Medium,Plane,107.36999999999999,0.4049174089253955,208.95641518170765
ORD1154,"Paris, FR","Cairo, EG",3465,Low,Train,69.3,0.3460387727277714,307.7568618721095
ORD1155,"Cairo, EG","Paris, FR",4311,Low,Train,86.22,0.4386218535976424,327.85135400068117
ORD1156,"London, UK","Tokyo, JP",558,Medium,Plane,16.74,0.14170760894567908,70.7102393605672
ORD1157,"Los Angeles, US","London, UK",4473,Medium,Train,134.19,0.23958100594220447,102.790705420721
ORD1158,"Tokyo, JP","Tokyo, JP",129,Low,Ship,2.58,0.3210320815547282,261.48949823466955
ORD1159,"New York City, US","London, UK",1117,Medium,Ship,33.51,0.21648375375436577,280.43436434771013
ORD1160,"London, UK","London, UK",2407,Low,Train,48.14,0.14985850679899215,402.6579100505493
ORD1161,"London, UK","Paris, FR",682,High,Plane,34.1,0.322228876571221,443.690699923117
ORD1162,"London, UK","New York City, US",1781,High,Train,89.05000000000001,0.13612348223823234,155.90163248195415
ORD1163,"Los Angeles, US","Tokyo, JP",998,High,Train,49.900000000000006,0.31602624458855433,318.25734794254936
ORD1164,"Cairo, EG","Tokyo, JP",4585,High,Plane,229.25,0.38614424201180086,214.76006041163367
ORD1165,"Cairo, EG","New York City, US",4323,Low,Plane,86.46000000000001,0.3276168717611757,167.5826639209485
ORD1166,"Tokyo, JP","London, UK",1626,Low,Plane,32.52,0.11681378374131507,184.45852006656568
ORD1167,"New York City, US","Los Angeles, US",2246,High,Ship,112.30000000000001,0.35704519684842895,329.9365358144788
ORD1168,"Los Angeles, US","New York City, US",989,Medium,Train,29.669999999999998,0.46773350671815916,83.3197761230853
ORD1169,"New York City, US","New York City, US",4857,Medium,Ship,145.71,0.2483834964360451,342.6108374433805
ORD1170,"Los Angeles, US","Tokyo, JP",3619,Medium,Plane,108.57,0.3973797894060451,329.0728298855855
ORD1171,"Los Angeles, US","London, UK",4283,Medium,Train,128.49,0.43621270718617655,145.0976946482793
ORD1172,"Los Angeles, US","New York City, US",2040,Low,Plane,40.800000000000004,0.10837269862435416,444.6195365125746
ORD1173,"Cairo, EG","Los Angeles, US",1569,Medium,Ship,47.07,0.1306275225256798,288.2589627249391
ORD1174,"London, UK","Tokyo, JP",432,Medium,Plane,12.959999999999999,0.11991456599323325,67.25606577437398
ORD1175,"Cairo, EG","New York City, US",934,Medium,Ship,28.02,0.4726081857616805,492.84998335179097
ORD1176,"Paris, FR","London, UK",3952,Low,Ship,79.04,0.21688019908696285,329.84142001712627
ORD1177,"Tokyo, JP","New York City, US",3460,High,Plane,173.0,0.1276710616920728,416.61366191207065
ORD1178,"Los Angeles, US","Los Angeles, US",1817,High,Plane,90.85000000000001,0.2944707743512659,58.02291426563984
ORD1179,"Cairo, EG","Paris, FR",485,Medium,Ship,14.549999999999999,0.4844102423402735,59.47460874300237
ORD1180,"Los Angeles, US","Paris, FR",1078,High,Train,53.900000000000006,0.49654709459272584,357.093993589944
ORD1181,"Paris, FR","New York City, US",3820,Medium,Plane,114.6,0.13163063189468655,315.4796721261282
ORD1182,"Los Angeles, US","Paris, FR",829,Low,Train,16.580000000000002,0.1448514667904328,195.15735975277647
ORD1183,"New York City, US","Cairo, EG",2771,Medium,Ship,83.13,0.28904661114366337,188.08131221912024
ORD1184,"New York City, US","Paris, FR",210,Low,Train,4.2,0.43702919818560004,125.73858399838912
ORD1185,"Los Angeles, US","Cairo, EG",2093,Low,Plane,41.86,0.2848632351883684,352.7994224390849
ORD1186,"Tokyo, JP","Los Angeles, US",958,Medium,Plane,28.74,0.3507103893884942,333.6142191182947
ORD1187,"Tokyo, JP","Tokyo, JP",4038,High,Train,201.9,0.41061653505188345,356.0488640216287
ORD1188,"Paris, FR","Los Angeles, US",878,High,Plane,43.900000000000006,0.4485522688614696,493.06038407665216
ORD1189,"London, UK","London, UK",2158,Medium,Plane,64.74,0.28061759005089815,237.98266339174194
ORD1190,"Los Angeles, US","Los Angeles, US",1518,Low,Train,30.36,0.38284032853584005,264.8261607477508
ORD1191,"Paris, FR","New York City, US",1490,Medium,Plane,44.699999999999996,0.3895921669469976,51.62879477622316
ORD1192,"Tokyo, JP","New York City, US",3860,High,Train,193.0,0.1603233522136597,486.6798221946347
ORD1193,"Los Angeles, US","Tokyo, JP",1554,Medium,Plane,46.62,0.37221486019564476,174.8138224550665
ORD1194,"Los Angeles, US","London, UK",3097,High,Plane,154.85000000000002,0.47169937788850813,99.56116416361064
ORD1195,"London, UK","Los Angeles, US",4729,High,Ship,236.45000000000002,0.13839771683064514,240.82221377467806
ORD1196,"Tokyo, JP","Paris, FR",181,Low,Train,3.62,0.4178857740423194,106.14400764277077
ORD1197,"London, UK","London, UK",276,Medium,Train,8.28,0.27081416697388827,244.81512108534
ORD1198,"Los Angeles, US","New York City, US",767,Medium,Plane,23.009999999999998,0.16157537097354677,89.20733212951005
ORD1199,"Los Angeles, US","New York City, US",1864,Low,Train,37.28,0.23877817734064988,472.20460645746397
ORD1200,"Los Angeles, US","Paris, FR",273,Low,Plane,5.46,0.3965573111963169,100.73458006477775
ORD1201,"Paris, FR","Paris, FR",949,Medium,Train,28.47,0.4063038787840315,55.036468464680716
ORD1202,"Cairo, EG","New York City, US",1360,Medium,Ship,40.8,0.28679020008097056,201.79341352747824
ORD1203,"London, UK","Los Angeles, US",1354,High,Plane,67.7,0.13880853033235496,424.16871839728856
ORD1204,"Tokyo, JP","Cairo, EG",2443,High,Plane,122.15,0.4800528021956231,313.5840763107331
ORD1205,"Paris, FR","New York City, US",2463,Medium,Train,73.89,0.23841899614314055,330.15040394700367
ORD1206,"Tokyo, JP","London, UK",2033,High,Train,101.65,0.20423871104447866,216.19023710469665
ORD1207,"London, UK","Cairo, EG",1907,Medium,Plane,57.21,0.1429696552504079,289.48412799388586
ORD1208,"Tokyo, JP","London, UK",4056,Medium,Train,121.67999999999999,0.4253199589276856,195.49095111446374
ORD1209,"London, UK","Cairo, EG",2154,Low,Plane,43.08,0.24101834914864415,211.35990633257992
ORD1210,"New York City, US","Paris, FR",3738,Low,Plane,74.76,0.16958227440798868,176.12235035506637
ORD1211,"Cairo, EG","Paris, FR",2237,Medium,Plane,67.11,0.2789946944074562,142.58984941733183
ORD1212,"Tokyo, JP","London, UK",2530,High,Plane,126.5,0.35169350229335095,458.7211733517528
ORD1213,"London, UK","Tokyo, JP",1854,Low,Train,37.08,0.44526703724159544,69.91341673223538
ORD1214,"Los Angeles, US","London, UK",1078,High,Ship,53.900000000000006,0.2682858147849494,58.5584067226772
ORD1215,"Los Angeles, US","Tokyo, JP",927,Medium,Ship,27.81,0.368761571340276,246.0721798029149
ORD1216,"New York City, US","Tokyo, JP",1893,Low,Ship,37.86,0.4657412652341474,136.67960485521107
ORD1217,"Tokyo, JP","New York City, US",2238,Medium,Plane,67.14,0.3959544035945961,267.84935982246975
ORD1218,"Paris, FR","Paris, FR",163,Medium,Plane,4.89,0.3364390560355144,462.7156872369724
ORD1219,"Tokyo, JP","Paris, FR",4586,Medium,Plane,137.57999999999998,0.3940420955445687,190.4759115771134
ORD1220,"Paris, FR","Los Angeles, US",625,Medium,Train,18.75,0.19844889482368355,123.2779065303132
ORD1221,"Tokyo, JP","Tokyo, JP",3638,High,Ship,181.9,0.36513563928395343,369.9167467857549
ORD1222,"Cairo, EG","New York City, US",416,Low,Ship,8.32,0.13156198928249208,496.7211469534346
ORD1223,"New York City, US","Los Angeles, US",4339,Medium,Ship,130.17,0.371296989021765,457.30327771244436
ORD1224,"Cairo, EG","London, UK",1496,Medium,Ship,44.879999999999995,0.4367685042156272,191.75527202991285
ORD1225,"London, UK","Cairo, EG",2968,High,Plane,148.4,0.1854818899364466,316.1797326192301
ORD1226,"New York City, US","Paris, FR",433,High,Plane,21.650000000000002,0.19562443952687172,51.315978913696576
ORD1227,"Paris, FR","London, UK",1919,Low,Train,38.38,0.4680198576511959,217.4561038069321
ORD1228,"Cairo, EG","Paris, FR",765,Medium,Ship,22.95,0.13945207042259092,87.48780668521746
ORD1229,"Paris, FR","Los Angeles, US",3037,High,Plane,151.85,0.18882896262046145,73.18793522241748
ORD1230,"Tokyo, JP","Paris, FR",4840,Medium,Ship,145.2,0.13975273910895863,84.73998047114993
ORD1231,"London, UK","London, UK",1349,Medium,Plane,40.47,0.13422898875927092,489.83606515033205
ORD1232,"Cairo, EG","Cairo, EG",3904,Low,Train,78.08,0.22703107134879277,319.5957888485262
ORD1233,"Los Angeles, US","Tokyo, JP",1177,Medium,Train,35.309999999999995,0.45435658761875897,348.0163089178373
ORD1234,"Los Angeles, US","Los Angeles, US",1896,Medium,Plane,56.879999999999995,0.13356374703382584,319.52218049214076
ORD1235,"Los Angeles, US","Cairo, EG",570,Low,Plane,11.4,0.1979829875932657,261.1869471266017
ORD1236,"Los Angeles, US","Cairo, EG",3551,High,Plane,177.55,0.40354239326699315,287.90251746104923
ORD1237,"Cairo, EG","Paris, FR",3427,Medium,Ship,102.81,0.3033394179195805,470.0691369376713
ORD1238,"Paris, FR","New York City, US",4311,High,Ship,215.55,0.31957490532473726,112.66753666155812
ORD1239,"Cairo, EG","Paris, FR",2422,High,Ship,121.10000000000001,0.23669360402683132,148.48603894178
ORD1240,"New York City, US","New York City, US",3630,High,Train,181.5,0.2418701237008926,367.50029152324106
ORD1241,"Los Angeles, US","New York City, US",3504,High,Ship,175.20000000000002,0.36341392365396297,434.99080043883527
ORD1242,"Cairo, EG","London, UK",1963,High,Plane,98.15,0.46672338859161455,81.47108635497307
ORD1243,"London, UK","New York City, US",779,High,Plane,38.95,0.34431846633159346,358.3662465272829
ORD1244,"Los Angeles, US","Paris, FR",1520,High,Plane,76.0,0.47824025481058563,214.94330427344613
ORD1245,"Tokyo, JP","Los Angeles, US",3288,Low,Train,65.76,0.4458404840623965,62.35588331829706
ORD1246,"Tokyo, JP","Tokyo, JP",3987,Low,Train,79.74,0.460755348499828,338.914512627243
ORD1247,"Tokyo, JP","Tokyo, JP",989,Medium,Plane,29.669999999999998,0.17103403163138425,102.29339686093782
ORD1248,"London, UK","Los Angeles, US",2613,Medium,Ship,78.39,0.14153495556310844,438.766122767461
ORD1249,"London, UK","New York City, US",2154,High,Plane,107.7,0.3703317010302093,204.45124808346512
ORD1250,"Cairo, EG","Tokyo, JP",2704,High,Plane,135.20000000000002,0.22339068370635032,444.92444716680865
ORD1251,"New York City, US","New York City, US",2004,High,Train,100.2,0.47123605175010663,402.35027245695954
ORD1252,"Paris, FR","Cairo, EG",3465,Low,Train,69.3,0.24800006016220424,485.24525605643214
ORD1253,"Los Angeles, US","Cairo, EG",183,Medium,Train,5.49,0.27998602660330635,150.55775099252702
ORD1254,"Cairo, EG","Los Angeles, US",2552,Medium,Train,76.56,0.33249380097607006,259.765225566322
ORD1255,"Tokyo, JP","Paris, FR",2578,Medium,Train,77.34,0.47755821353509065,177.02871247706918
ORD1256,"Tokyo, JP","New York City, US",4488,Medium,Train,134.64,0.34267306867932645,80.3983507390467
ORD1257,"Los Angeles, US","Tokyo, JP",1337,Medium,Train,40.11,0.18841127196944596,415.3819076079738
ORD1258,"New York City, US","Paris, FR",4580,Low,Ship,91.60000000000001,0.3936803068154945,330.4983977181712
ORD1259,"London, UK","Paris, FR",3670,Medium,Plane,110.1,0.1488137888131368,143.4165648426421
ORD1260,"Paris, FR","Paris, FR",416,High,Plane,20.8,0.27144624420816954,160.09894474613068
ORD1261,"Cairo, EG","Cairo, EG",886,Medium,Ship,26.58,0.4774412092060344,448.6081947183622
ORD1262,"Paris, FR","Cairo, EG",2239,Medium,Plane,67.17,0.10198404590293825,495.0139265939781
ORD1263,"Cairo, EG","London, UK",3218,Medium,Plane,96.53999999999999,0.34743402228442083,68.46286613057495
ORD1264,"New York City, US","Los Angeles, US",942,Medium,Ship,28.259999999999998,0.2281255240881239,194.12132860051338
ORD1265,"Cairo, EG","New York City, US",1524,Low,Ship,30.48,0.48302666246779913,288.51576991141076
ORD1266,"Cairo, EG","New York City, US",2019,High,Ship,100.95,0.4397767556640104,110.20484766905497
ORD1267,"Los Angeles, US","New York City, US",3860,High,Ship,193.0,0.3298106992797486,203.8809023859147
ORD1268,"Los Angeles, US","Cairo, EG",901,High,Train,45.050000000000004,0.33774076654741725,218.62767501378187
ORD1269,"Cairo, EG","Los Angeles, US",2857,Medium,Plane,85.71,0.2509259408760465,288.0013664049427
ORD1270,"New York City, US","Cairo, EG",1068,Low,Train,21.36,0.3972116665647084,320.8079297266317
ORD1271,"Tokyo, JP","Paris, FR",210,Medium,Ship,6.3,0.25401651963517047,468.71701710265637
ORD1272,"Los Angeles, US","Paris, FR",3481,High,Plane,174.05,0.36989973512201846,413.18414363935153
ORD1273,"Cairo, EG","Los Angeles, US",1457,High,Ship,72.85000000000001,0.2659988051567397,441.4525749976512
ORD1274,"London, UK","Tokyo, JP",2359,Low,Ship,47.18,0.367533166848801,97.54699000352605
ORD1275,"London, UK","Tokyo, JP",1117,High,Train,55.85,0.49299324744734563,266.76851595366156
ORD1276,"Tokyo, JP","Tokyo, JP",3605,High,Train,180.25,0.2976884034838275,386.1300581871725
ORD1277,"London, UK","Los Angeles, US",2326,Medium,Ship,69.78,0.41556173629671933,267.1816127632013
ORD1278,"Tokyo, JP","Tokyo, JP",4893,Medium,Plane,146.79,0.320471667566842,57.165236104375076
ORD1279,"Cairo, EG","Paris, FR",1958,Low,Plane,39.160000000000004,0.18903698059098972,382.9985612540075
ORD1280,"Los Angeles, US","Tokyo, JP",1838,High,Ship,91.9,0.43279085080187807,117.43758948727954
ORD1281,"London, UK","Paris, FR",2254,Low,Train,45.08,0.11327531742730788,349.436756100807
ORD1282,"Cairo, EG","Paris, FR",3751,Low,Train,75.02,0.2457093053792773,252.6479703049829
ORD1283,"New York City, US","Paris, FR",1186,High,Ship,59.300000000000004,0.4493677013572943,54.15606722921235
ORD1284,"London, UK","London, UK",699,Low,Plane,13.98,0.46871317387308,160.92739642242088
ORD1285,"Cairo, EG","Paris, FR",1640,High,Plane,82.0,0.36584333803122215,483.0267476073336
ORD1286,"London, UK","Tokyo, JP",261,High,Train,13.05,0.44256605845969865,309.82455196657224
ORD1287,"Los Angeles, US","London, UK",765,Low,Plane,15.3,0.47305302841329544,397.23419959646077
ORD1288,"Los Angeles, US","London, UK",4238,High,Plane,211.9,0.197931393973699,82.29789969490673
ORD1289,"Tokyo, JP","Cairo, EG",2775,Low,Train,55.5,0.3771275530293925,445.37347727063326
ORD1290,"New York City, US","Tokyo, JP",177,High,Plane,8.85,0.27196246662558743,325.81136180668153
ORD1291,"Cairo, EG","New York City, US",4628,Medium,Train,138.84,0.4949643238999839,132.59374783608212
ORD1292,"New York City, US","Cairo, EG",4586,Medium,Plane,137.57999999999998,0.26514942480540926,489.98010132282207
ORD1293,"Paris, FR","London, UK",2794,High,Plane,139.70000000000002,0.31156287278310624,71.55594297210362
ORD1294,"Los Angeles, US","New York City, US",2105,Medium,Ship,63.15,0.17856081472768187,234.71240920429966
ORD1295,"Paris, FR","Tokyo, JP",2154,Low,Plane,43.08,0.39152005244102317,177.1965641220844
ORD1296,"New York City, US","Cairo, EG",868,Medium,Train,26.04,0.2524769325076049,457.32833249329065
ORD1297,"Paris, FR","Paris, FR",2768,Low,Train,55.36,0.12064671839629178,320.95213490837546
ORD1298,"New York City, US","Tokyo, JP",2267,Low,Train,45.34,0.390818949658442,437.87207138227006
ORD1299,"Tokyo, JP","Paris, FR",2477,High,Plane,123.85000000000001,0.3754672630572171,236.29119650155172
ORD1300,"New York City, US","New York City, US",2822,High,Train,141.1,0.3200383750082296,405.76627214403186
ORD1301,"Tokyo, JP","Los Angeles, US",1907,Medium,Train,57.21,0.21479489278247335,132.97816903584652
ORD1302,"Tokyo, JP","London, UK",4840,Low,Ship,96.8,0.17472112431183756,498.16755480925883
ORD1303,"London, UK","Tokyo, JP",482,Medium,Ship,14.459999999999999,0.2377270082037889,363.14235600723697
ORD1304,"London, UK","Tokyo, JP",2843,High,Train,142.15,0.4855923264998533,215.7062868205553
ORD1305,"Tokyo, JP","Cairo, EG",1458,Medium,Plane,43.739999999999995,0.42899825996141383,499.1738620102772
ORD1306,"London, UK","Los Angeles, US",4858,Medium,Plane,145.73999999999998,0.17853258531736788,301.9635790199561
ORD1307,"New York City, US","Paris, FR",4450,High,Plane,222.5,0.1341588105247488,460.4116638116982
ORD1308,"Cairo, EG","London, UK",1664,High,Plane,83.2,0.12311622547171558,74.92746274581505
ORD1309,"Cairo, EG","London, UK",2613,Low,Plane,52.26,0.3872868192858745,469.52213609731217
ORD1310,"Cairo, EG","New York City, US",2835,Low,Ship,56.7,0.10101256694918531,238.0368877613962
ORD1311,"London, UK","Paris, FR",4424,High,Train,221.20000000000002,0.47654627236750235,410.76278966313043
ORD1312,"London, UK","London, UK",3232,High,Plane,161.60000000000002,0.4433451895373832,183.3404633768354
ORD1313,"Paris, FR","Los Angeles, US",715,High,Ship,35.75,0.3869036202057139,192.09385797759344
ORD1314,"Los Angeles, US","London, UK",2085,Medium,Ship,62.55,0.4972309877351385,152.10495436418665
ORD1315,"Los Angeles, US","New York City, US",1063,Medium,Train,31.89,0.4801169399646099,306.53637851172357
ORD1316,"Cairo, EG","Cairo, EG",2273,Low,Train,45.46,0.12342483776842124,355.320113534004
ORD1317,"Tokyo, JP","London, UK",2136,Medium,Ship,64.08,0.467539387491376,239.6375178969545
ORD1318,"London, UK","New York City, US",1281,High,Train,64.05,0.11748425481322862,447.61641742554815
ORD1319,"London, UK","Los Angeles, US",313,Low,Train,6.26,0.4654868244770186,363.1415436506026
ORD1320,"Cairo, EG","Los Angeles, US",4116,Low,Ship,82.32000000000001,0.2776278781907031,50.68171005054488
ORD1321,"Cairo, EG","Paris, FR",4929,Medium,Train,147.87,0.47384629037128134,180.044214890705
ORD1322,"Paris, FR","Los Angeles, US",2045,High,Train,102.25,0.2875971369829179,68.73080125166297
ORD1323,"Paris, FR","London, UK",1457,Low,Plane,29.14,0.33102297392217306,454.3644510188012
ORD1324,"Paris, FR","Los Angeles, US",1360,Medium,Train,40.8,0.16972740701626277,373.7486870200199
ORD1325,"Paris, FR","Paris, FR",2457,Medium,Ship,73.71,0.3595858523567629,173.62037042542704
ORD1326,"London, UK","Tokyo, JP",273,High,Plane,13.65,0.1955485416003898,261.78836876309197
ORD1327,"New York City, US","Paris, FR",2711,Medium,Train,81.33,0.2973977878856562,412.2629453440656
ORD1328,"Tokyo, JP","London, UK",3861,Medium,Ship,115.83,0.38821186538171937,126.95920290630363
ORD1329,"London, UK","London, UK",4359,Medium,Ship,130.76999999999998,0.44216808071896463,172.25704075054085
ORD1330,"London, UK","London, UK",4929,Low,Plane,98.58,0.22503777252613444,135.82507243476294
ORD1331,"New York City, US","Cairo, EG",756,Low,Train,15.120000000000001,0.277358823372673,404.7467684571044
ORD1332,"New York City, US","Paris, FR",924,High,Train,46.2,0.33559293219728903,221.84631872642794
ORD1333,"Paris, FR","Los Angeles, US",3437,Medium,Train,103.11,0.34585287763361894,449.09462976411885
ORD1334,"Tokyo, JP","New York City, US",3152,High,Plane,157.60000000000002,0.1746053981793914,433.21124489686036
ORD1335,"London, UK","Tokyo, JP",1113,High,Train,55.650000000000006,0.4890827256717981,147.6901537705698
ORD1336,"Cairo, EG","London, UK",3967,High,Ship,198.35000000000002,0.3388952565222182,302.12942564530863
ORD1337,"Cairo, EG","Tokyo, JP",3119,Low,Train,62.38,0.4167333642286263,193.73786643235496
ORD1338,"Los Angeles, US","London, UK",955,Low,Train,19.1,0.12996058374106378,320.36464993169915
ORD1339,"Paris, FR","Paris, FR",3551,High,Ship,177.55,0.1421740354158525,494.6762285237067
ORD1340,"London, UK","London, UK",4240,Low,Ship,84.8,0.31964945439365033,236.06199329835218
ORD1341,"Paris, FR","Cairo, EG",4325,High,Ship,216.25,0.3133162300614295,172.8705946062253
ORD1342,"Cairo, EG","Paris, FR",1958,Low,Train,39.160000000000004,0.2023568123748457,435.3653931847085
ORD1343,"Paris, FR","Cairo, EG",3574,Medium,Plane,107.22,0.2657985059846605,462.3241019341293
ORD1344,"Cairo, EG","Cairo, EG",4931,Low,Train,98.62,0.422736737386913,175.8961638978883
ORD1345,"New York City, US","New York City, US",1406,High,Plane,70.3,0.1751935923315204,187.4012976022633
ORD1346,"London, UK","New York City, US",2697,High,Train,134.85,0.4085393127135566,487.5252198075888
ORD1347,"Paris, FR","Los Angeles, US",1456,Low,Ship,29.12,0.37566190304030533,165.14138292415436
ORD1348,"Cairo, EG","New York City, US",3773,High,Ship,188.65,0.23412106504226818,259.49075944559536
ORD1349,"Los Angeles, US","Cairo, EG",1899,Low,Ship,37.980000000000004,0.2596393994597431,57.57166435255785
ORD1350,"New York City, US","Cairo, EG",117,High,Train,5.8500000000000005,0.2812973671825991,104.66979359483932
ORD1351,"Cairo, EG","Los Angeles, US",1656,High,Train,82.80000000000001,0.27445164418829604,112.64042571422033
ORD1352,"Paris, FR","Los Angeles, US",2711,Low,Train,54.22,0.1958771049135414,376.6559737080261
ORD1353,"Cairo, EG","Cairo, EG",3539,High,Plane,176.95000000000002,0.42798225469911577,80.7962486828219
ORD1354,"Cairo, EG","Los Angeles, US",4629,Medium,Plane,138.87,0.4507904262316932,474.7256622265509
ORD1355,"New York City, US","Paris, FR",4402,Low,Train,88.04,0.18911110569185757,463.77681512674366
ORD1356,"Cairo, EG","Paris, FR",1078,Low,Train,21.56,0.14296163733547226,356.17554195398816
ORD1357,"Paris, FR","London, UK",4323,High,Train,216.15,0.25620849685714664,219.91997836765057
ORD1358,"Paris, FR","Tokyo, JP",3224,High,Ship,161.20000000000002,0.20009490565999233,296.635823350936
ORD1359,"Cairo, EG","Cairo, EG",3980,High,Ship,199.0,0.10401300942645952,267.6687710450266
ORD1360,"Tokyo, JP","Paris, FR",3782,High,Plane,189.10000000000002,0.32931544492375353,317.0630173351338
ORD1361,"Tokyo, JP","London, UK",2487,Medium,Ship,74.61,0.12001235156932287,386.6290493080744
ORD1362,"Cairo, EG","Paris, FR",1139,Medium,Plane,34.17,0.20995290283240703,125.55332042469338
ORD1363,"Cairo, EG","New York City, US",1912,High,Plane,95.60000000000001,0.4929897650379068,203.93240021720538
ORD1364,"Tokyo, JP","Paris, FR",4091,High,Plane,204.55,0.166295254890292,229.8767852712221
ORD1365,"Cairo, EG","New York City, US",1821,Low,Plane,36.42,0.3296498166982935,364.45185280243965
ORD1366,"Cairo, EG","Cairo, EG",3667,High,Ship,183.35000000000002,0.38898346113381,342.29574551724096
ORD1367,"Tokyo, JP","Paris, FR",2823,High,Ship,141.15,0.4875646096669426,203.29529017649025
ORD1368,"Los Angeles, US","London, UK",3367,Medium,Ship,101.00999999999999,0.16334080457112293,402.6956270157985
ORD1369,"Cairo, EG","Tokyo, JP",3861,High,Ship,193.05,0.17322976606704438,409.0654277576847
ORD1370,"Paris, FR","New York City, US",3909,High,Plane,195.45000000000002,0.2508028829777563,84.65198115729295
ORD1371,"Paris, FR","Cairo, EG",1146,Medium,Ship,34.379999999999995,0.32492826234726635,433.3728205391672
ORD1372,"Paris, FR","Los Angeles, US",2168,Low,Plane,43.36,0.3374929926128778,175.12481768052356
ORD1373,"Tokyo, JP","Cairo, EG",3575,High,Ship,178.75,0.24464274492807656,188.43331561943003
ORD1374,"Tokyo, JP","London, UK",4804,Medium,Plane,144.12,0.37238164872624735,439.6289142172377
ORD1375,"London, UK","Los Angeles, US",1119,Low,Train,22.38,0.3241853613347977,262.74185208027563
ORD1376,"Tokyo, JP","Paris, FR",2457,Low,Plane,49.14,0.1441933548955393,276.50136710150673
ORD1377,"Los Angeles, US","Paris, FR",3948,Medium,Plane,118.44,0.4938465335703751,169.7907617867118
ORD1378,"London, UK","Tokyo, JP",1453,Low,Ship,29.060000000000002,0.3448032367249146,215.0220964636079
ORD1379,"New York City, US","London, UK",2196,Low,Train,43.92,0.27664760705117486,54.203711157348216
ORD1380,"Cairo, EG","Cairo, EG",1760,Medium,Ship,52.8,0.16217205458577824,166.5842775571527
ORD1381,"Los Angeles, US","Paris, FR",4497,Low,Ship,89.94,0.12388453900971662,395.58485111763355
ORD1382,"Paris, FR","London, UK",1474,Medium,Ship,44.22,0.2018795321445276,443.8912995101677
ORD1383,"Tokyo, JP","Tokyo, JP",3232,Medium,Plane,96.96,0.3644268964957075,482.89695892098945
ORD1384,"New York City, US","New York City, US",1758,Medium,Train,52.739999999999995,0.31548893906051534,476.63795775471385
ORD1385,"Tokyo, JP","Paris, FR",2843,Low,Plane,56.86,0.19987299609103,147.62102643444598
ORD1386,"Paris, FR","London, UK",4488,Medium,Plane,134.64,0.22298580101073956,279.8907246245724
ORD1387,"Paris, FR","London, UK",634,Low,Plane,12.68,0.13516841595395285,246.65711014311705
ORD1388,"London, UK","New York City, US",1457,Medium,Train,43.71,0.4984995797492947,126.52053690413845
ORD1389,"London, UK","Paris, FR",4729,Medium,Plane,141.87,0.2337533346593202,188.7582913576128
ORD1390,"Los Angeles, US","New York City, US",1899,High,Ship,94.95,0.4305197404158019,53.29866223786877
ORD1391,"Los Angeles, US","London, UK",1751,Low,Ship,35.02,0.3627090007341355,360.3705551451525
ORD1392,"New York City, US","New York City, US",1733,Low,Plane,34.660000000000004,0.30714550871504753,333.22397061579915
ORD1393,"New York City, US","London, UK",817,Low,Plane,16.34,0.4862456617276496,217.33287280560495
ORD1394,"Cairo, EG","Tokyo, JP",2936,Medium,Train,88.08,0.25743089941297864,446.87363975550505
ORD1395,"Cairo, EG","Tokyo, JP",2450,Low,Train,49.0,0.43167355641496274,124.31071502644467
ORD1396,"Cairo, EG","Cairo, EG",1520,Medium,Train,45.6,0.3299187298599365,95.23684714501658
ORD1397,"Los Angeles, US","Paris, FR",2704,Low,Train,54.08,0.3051485581297937,342.3311390003537
ORD1398,"New York City, US","Cairo, EG",2437,High,Ship,121.85000000000001,0.40369700060440517,474.1029357919462
ORD1399,"Paris, FR","Paris, FR",2459,Medium,Plane,73.77,0.3419608578653002,462.4395353976979
ORD1400,"Los Angeles, US","London, UK",424,High,Ship,21.200000000000003,0.21585977251263025,308.64139474541173
ORD1401,"Los Angeles, US","Tokyo, JP",1629,High,Train,81.45,0.4563741098731512,61.358080083740056
ORD1402,"Cairo, EG","Los Angeles, US",3198,High,Train,159.9,0.15479059879457002,126.66280502174914
ORD1403,"Cairo, EG","London, UK",437,Low,Train,8.74,0.3958736595257838,165.94079788100362
ORD1404,"Paris, FR","Tokyo, JP",4304,Medium,Plane,129.12,0.11578624214773958,197.051984555329
ORD1405,"Cairo, EG","Los Angeles, US",2093,Low,Train,41.86,0.3863085253985117,230.86415790771093
ORD1406,"London, UK","Los Angeles, US",1456,Medium,Ship,43.68,0.4898145902383215,274.99377052742204
ORD1407,"Cairo, EG","Tokyo, JP",4158,Medium,Ship,124.74,0.3096206304847319,460.9762090941803
ORD1408,"Paris, FR","London, UK",464,Low,Plane,9.28,0.32765433564171387,60.34921081503988
ORD1409,"New York City, US","Los Angeles, US",3450,Low,Train,69.0,0.46650424636641574,56.14523213642522
ORD1410,"New York City, US","Tokyo, JP",878,Medium,Plane,26.34,0.39800835013870073,179.4416216897738
ORD1411,"Tokyo, JP","Tokyo, JP",4217,Low,Train,84.34,0.1424837522435171,360.698008942579
ORD1412,"Paris, FR","Tokyo, JP",4275,High,Plane,213.75,0.1774521020182312,199.22513389614767
ORD1413,"New York City, US","Tokyo, JP",4283,Medium,Plane,128.49,0.20343293088547593,398.4510389393455
ORD1414,"New York City, US","Cairo, EG",630,Medium,Train,18.9,0.4644716619500532,166.50561248445553
ORD1415,"Los Angeles, US","Tokyo, JP",3437,Low,Ship,68.74,0.12158111808174482,333.3922249347781
ORD1416,"New York City, US","Paris, FR",4323,High,Train,216.15,0.11808702596689931,344.0842940494506
ORD1417,"New York City, US","Paris, FR",570,Low,Plane,11.4,0.4087561187124735,96.44167650177434
ORD1418,"Paris, FR","Paris, FR",2001,Low,Ship,40.02,0.4432731595049204,171.59480229660093
ORD1419,"Cairo, EG","Tokyo, JP",2419,Low,Plane,48.38,0.41665075360515214,265.5285828077524
ORD1420,"Paris, FR","New York City, US",3575,High,Plane,178.75,0.17810407093346714,122.10448906299774
ORD1421,"Los Angeles, US","New York City, US",2014,Low,Plane,40.28,0.2582632725881634,396.28277039072987
ORD1422,"Paris, FR","London, UK",1187,High,Train,59.35,0.13596958363816378,443.3431562067586
ORD1423,"Cairo, EG","Cairo, EG",2456,Low,Ship,49.120000000000005,0.10790203756025876,163.35354737979162
ORD1424,"Paris, FR","Los Angeles, US",3765,Medium,Train,112.95,0.16040961856344077,256.1879855133957
ORD1425,"Cairo, EG","Cairo, EG",4200,Medium,Plane,126.0,0.24636026611889386,103.98651270524317
ORD1426,"New York City, US","London, UK",453,Medium,Ship,13.59,0.16319010180369026,400.18285513860894
ORD1427,"Los Angeles, US","London, UK",2463,High,Plane,123.15,0.2904106496454314,357.07507705678285
ORD1428,"Cairo, EG","New York City, US",2233,High,Train,111.65,0.26945073171756306,217.6033107071574
ORD1429,"Los Angeles, US","Los Angeles, US",4750,Low,Train,95.0,0.46945426733938866,471.9325472036618
ORD1430,"Los Angeles, US","Cairo, EG",492,Low,Plane,9.84,0.2433858071411967,51.7320787915351
ORD1431,"Paris, FR","Tokyo, JP",1257,High,Ship,62.85,0.2916691705956993,105.47968917640424
ORD1432,"New York City, US","London, UK",177,Medium,Train,5.31,0.3240432813203301,174.73174627932522
ORD1433,"Tokyo, JP","Tokyo, JP",3069,Medium,Train,92.07,0.1130554567623634,219.9614490599152
ORD1434,"London, UK","Cairo, EG",3187,Medium,Plane,95.61,0.46351948107555396,84.24194301688539
ORD1435,"Tokyo, JP","New York City, US",328,High,Ship,16.400000000000002,0.1461391315962582,228.6594474183442
ORD1436,"Paris, FR","Cairo, EG",4931,Low,Plane,98.62,0.152701837076848,290.5831850933163
ORD1437,"New York City, US","New York City, US",2974,Medium,Train,89.22,0.17006543177911476,288.0498031214966
ORD1438,"Los Angeles, US","Los Angeles, US",4419,Low,Plane,88.38,0.24150671286453856,408.1942126208085
ORD1439,"Cairo, EG","Tokyo, JP",504,High,Ship,25.200000000000003,0.30266832721107284,349.0941758235377
ORD1440,"London, UK","Los Angeles, US",2109,High,Train,105.45,0.32968466479340164,388.09020840046674
ORD1441,"Paris, FR","New York City, US",815,High,Plane,40.75,0.48082599963744554,108.01146964579345
ORD1442,"Los Angeles, US","London, UK",1119,Medium,Train,33.57,0.25549336924042454,495.5003081274424
ORD1443,"Los Angeles, US","New York City, US",4651,Low,Train,93.02,0.23463156924552384,446.71998641225446
ORD1444,"Cairo, EG","Cairo, EG",4365,High,Ship,218.25,0.1758598103954241,188.78609052209617
ORD1445,"Cairo, EG","New York City, US",1119,Medium,Train,33.57,0.3082696127031558,390.89185725834284
ORD1446,"Paris, FR","Los Angeles, US",3556,Low,Ship,71.12,0.2537914604514564,59.10778285245632
ORD1447,"London, UK","New York City, US",2477,Medium,Plane,74.31,0.22669673722614983,108.51318485464633
ORD1448,"Cairo, EG","New York City, US",2942,Low,Train,58.84,0.44961081894059307,53.471832967312785
ORD1449,"Paris, FR","New York City, US",433,Medium,Ship,12.99,0.31811339605758326,86.4055721295243
ORD1450,"Cairo, EG","Cairo, EG",1184,High,Ship,59.2,0.3914882742930018,377.3784996222777
ORD1451,"Tokyo, JP","Tokyo, JP",4450,High,Plane,222.5,0.1932516771910279,455.54122650265447
ORD1452,"Tokyo, JP","Paris, FR",991,Medium,Train,29.73,0.20435958980795887,87.15099914779537
ORD1453,"Tokyo, JP","Los Angeles, US",2352,Low,Plane,47.04,0.2172206777159337,349.26415967361214
ORD1454,"Paris, FR","Cairo, EG",727,Medium,Train,21.81,0.22708825043478403,238.14542814175712
ORD1455,"Los Angeles, US","New York City, US",4951,Low,Ship,99.02,0.12243568900046574,339.15735413092455
ORD1456,"New York City, US","Los Angeles, US",4010,High,Plane,200.5,0.12133904944993562,130.71469759730843
ORD1457,"Paris, FR","London, UK",1814,Medium,Train,54.419999999999995,0.30144496243303276,247.321663679699
ORD1458,"Los Angeles, US","New York City, US",4283,Low,Train,85.66,0.3808555936117539,131.38917143144636
ORD1459,"Tokyo, JP","New York City, US",263,High,Train,13.15,0.44332250193230793,425.40974861943954
ORD1460,"New York City, US","Cairo, EG",2457,Low,Train,49.14,0.1318349678906539,63.71841010074835
ORD1461,"London, UK","London, UK",570,High,Ship,28.5,0.32937592287756423,250.3034871883889
ORD1462,"Los Angeles, US","London, UK",2515,High,Ship,125.75,0.44442351688369996,436.4698102762704
ORD1463,"New York City, US","London, UK",1145,High,Plane,57.25,0.3082544086245227,448.30968545205207
ORD1464,"London, UK","Los Angeles, US",4851,Low,Ship,97.02,0.2901890186659708,490.4600238434198
ORD1465,"Cairo, EG","Los Angeles, US",4231,Medium,Ship,126.92999999999999,0.2402335391497434,474.4306265396064
ORD1466,"Los Angeles, US","Cairo, EG",4868,Medium,Train,146.04,0.4974648626211312,128.0924196331979
ORD1467,"Los Angeles, US","New York City, US",4585,Low,Plane,91.7,0.10071086950666208,386.7458249644244
ORD1468,"Los Angeles, US","London, UK",4158,Medium,Plane,124.74,0.21942323104594152,111.14703574422774
ORD1469,"New York City, US","Paris, FR",4031,Medium,Plane,120.92999999999999,0.4700425483279006,242.29429856471458
ORD1470,"London, UK","Tokyo, JP",1316,High,Plane,65.8,0.10926879762914532,438.4413486594216
ORD1471,"Cairo, EG","Tokyo, JP",2085,Medium,Train,62.55,0.30768715466960805,415.8328098340724
ORD1472,"Los Angeles, US","Paris, FR",1558,Medium,Ship,46.739999999999995,0.29986342329641424,365.0638048025687
ORD1473,"London, UK","Paris, FR",1795,Medium,Ship,53.85,0.2532185947508867,493.34174877658484
ORD1474,"London, UK","Paris, FR",4038,Medium,Ship,121.14,0.2543042793599677,124.27445993002004
ORD1475,"Los Angeles, US","Los Angeles, US",1400,Low,Train,28.0,0.2524567670376433,253.45688111230143
ORD1476,"New York City, US","Tokyo, JP",4092,High,Plane,204.60000000000002,0.38202845224269644,421.1864855115171
ORD1477,"Paris, FR","London, UK",2184,Medium,Plane,65.52,0.4534056859376351,266.0055129962658
ORD1478,"Los Angeles, US","Tokyo, JP",711,High,Plane,35.550000000000004,0.1222645401513181,262.6341048570706
ORD1479,"London, UK","London, UK",1198,Medium,Train,35.94,0.21148669957324048,455.6358876341827
ORD1480,"Los Angeles, US","Paris, FR",2000,Low,Train,40.0,0.24924745675326407,139.02642254589537
ORD1481,"Tokyo, JP","Los Angeles, US",2137,Low,Plane,42.74,0.4597424815836264,368.35357443621854
ORD1482,"Los Angeles, US","Paris, FR",343,Low,Ship,6.86,0.27007666460435886,166.42789420333582
ORD1483,"Tokyo, JP","Los Angeles, US",2862,High,Plane,143.1,0.11734415243538719,397.66852584937277
ORD1484,"Los Angeles, US","Cairo, EG",2714,Low,Train,54.28,0.13950335184588658,340.7956377693429
ORD1485,"Cairo, EG","Paris, FR",2234,High,Plane,111.7,0.4375322966088079,440.83895580458056
ORD1486,"New York City, US","Paris, FR",2093,Low,Ship,41.86,0.3324111741574967,180.92091147259603
ORD1487,"New York City, US","New York City, US",1134,High,Train,56.7,0.4338889156997545,445.9937541612054
ORD1488,"Los Angeles, US","New York City, US",561,High,Ship,28.05,0.2690164761233232,334.2567260937594
ORD1489,"Paris, FR","Tokyo, JP",2911,High,Ship,145.55,0.49231930234269217,122.18423184820016
ORD1490,"Paris, FR","New York City, US",261,High,Train,13.05,0.33604474004354346,439.8392827967544
ORD1491,"Tokyo, JP","Los Angeles, US",760,Low,Ship,15.200000000000001,0.14676203135048616,135.05941122172985
ORD1492,"Paris, FR","Los Angeles, US",1360,Low,Ship,27.2,0.47685101469514046,155.91991400849997
ORD1493,"New York City, US","Tokyo, JP",3924,Medium,Ship,117.72,0.35785313910460814,372.5773317292397
ORD1494,"Paris, FR","Los Angeles, US",4127,High,Train,206.35000000000002,0.35240298702139505,126.6677435034064
ORD1495,"Cairo, EG","Tokyo, JP",3119,High,Plane,155.95000000000002,0.3274251884755699,137.64798019909358
ORD1496,"Cairo, EG","Cairo, EG",1518,High,Ship,75.9,0.47735668985005686,93.73278145082033
ORD1497,"Los Angeles, US","Tokyo, JP",4763,High,Plane,238.15,0.4703085270733177,196.67550582980792
ORD1498,"Tokyo, JP","Cairo, EG",4285,High,Ship,214.25,0.21651279865297704,201.00885310342437
ORD1499,"Los Angeles, US","London, UK",999,High,Train,49.95,0.32967215741401823,181.7882356952615
ORD1500,"Cairo, EG","Paris, FR",4628,Low,Plane,92.56,0.18274407467131995,251.4086332832811
ORD1501,"London, UK","Paris, FR",878,High,Ship,43.900000000000006,0.17052389941532398,217.05412754140067
ORD1502,"London, UK","Cairo, EG",1309,Medium,Plane,39.269999999999996,0.2729904277316081,152.46535808019286
ORD1503,"Paris, FR","Cairo, EG",1350,Medium,Plane,40.5,0.313015523917932,343.9526861418369
ORD1504,"Tokyo, JP","New York City, US",1016,High,Train,50.800000000000004,0.20065816144024093,459.938943638129
ORD1505,"Cairo, EG","Cairo, EG",4089,Low,Plane,81.78,0.2583754276684099,210.44720160321464
ORD1506,"Cairo, EG","Cairo, EG",2072,Medium,Plane,62.16,0.3365127520879343,276.8773958634084
ORD1507,"Los Angeles, US","New York City, US",424,High,Train,21.200000000000003,0.49940645435010445,247.5952678258648
ORD1508,"Cairo, EG","London, UK",3110,Medium,Train,93.3,0.4544355459930326,91.17376340998028
ORD1509,"Paris, FR","Paris, FR",1299,High,Plane,64.95,0.22705876922436055,239.46036399678763
ORD1510,"Paris, FR","Tokyo, JP",4653,Low,Plane,93.06,0.48619506037896876,402.71285592907026
ORD1511,"Paris, FR","Cairo, EG",2100,Low,Train,42.0,0.11686227047412556,158.53984633372085
ORD1512,"Tokyo, JP","Tokyo, JP",924,High,Train,46.2,0.24314586598589455,214.72681024829637
ORD1513,"Paris, FR","Paris, FR",2823,High,Ship,141.15,0.15989638890998759,387.0269382132968
ORD1514,"Tokyo, JP","New York City, US",1423,High,Plane,71.15,0.3585612141748383,166.31217746519673
ORD1515,"Los Angeles, US","London, UK",3618,Low,Train,72.36,0.4344766059344639,468.00173898531574
ORD1516,"Paris, FR","London, UK",4497,Low,Train,89.94,0.13377545524432444,260.4395133005647
ORD1517,"Tokyo, JP","Cairo, EG",3072,Medium,Ship,92.16,0.37114755740137484,60.88655951980756
ORD1518,"Tokyo, JP","New York City, US",2268,High,Plane,113.4,0.4114108835618562,105.49846685650513
ORD1519,"Cairo, EG","New York City, US",1906,Low,Train,38.12,0.37917148506924014,346.63752818193075
ORD1520,"London, UK","Cairo, EG",4382,Medium,Plane,131.46,0.4981104398699667,451.40926101969563
ORD1521,"Tokyo, JP","Los Angeles, US",3278,Medium,Ship,98.34,0.3659819794167375,482.9930687649405
ORD1522,"London, UK","New York City, US",3752,High,Ship,187.60000000000002,0.33028653565975163,473.9921426707751
ORD1523,"New York City, US","Tokyo, JP",3510,High,Plane,175.5,0.22863221848336052,464.9623486161184
ORD1524,"Cairo, EG","New York City, US",4072,Low,Train,81.44,0.1948141072235683,52.495787959414976
ORD1525,"London, UK","Tokyo, JP",1996,Medium,Train,59.879999999999995,0.20064951743006182,173.620511964949
ORD1526,"Los Angeles, US","London, UK",416,Low,Plane,8.32,0.3803669706479579,51.60086398026677
ORD1527,"Tokyo, JP","London, UK",4260,High,Train,213.0,0.43106653270951945,63.016116447217605
ORD1528,"New York City, US","Cairo, EG",4093,Low,Plane,81.86,0.10613953322826841,441.48197635412305
ORD1529,"Tokyo, JP","Tokyo, JP",4484,High,Ship,224.20000000000002,0.3308585546840353,388.08100769950244
ORD1530,"Paris, FR","Tokyo, JP",1558,Medium,Train,46.739999999999995,0.19822294762531054,294.72257653013367
ORD1531,"Paris, FR","New York City, US",3860,Medium,Train,115.8,0.4358502826121555,328.8081647289172
ORD1532,"Los Angeles, US","New York City, US",2470,Low,Train,49.4,0.4345209872566592,358.7023651399438
ORD1533,"London, UK","Cairo, EG",779,Medium,Ship,23.369999999999997,0.16437936642312423,491.40963055352563
ORD1534,"London, UK","London, UK",2650,Low,Train,53.0,0.3726874412076634,216.56947981275357
ORD1535,"Paris, FR","Los Angeles, US",1605,Low,Plane,32.1,0.10409238438781242,425.31900410645056
ORD1536,"Tokyo, JP","London, UK",3069,High,Plane,153.45000000000002,0.3763243053796912,128.13884884296093
ORD1537,"London, UK","Tokyo, JP",4378,Medium,Train,131.34,0.35507154898663995,425.0448339176987
ORD1538,"Cairo, EG","Cairo, EG",1316,Low,Train,26.32,0.4147959744281703,428.7154933620938
ORD1539,"Tokyo, JP","Paris, FR",1795,Medium,Train,53.85,0.25860450599668117,423.646420784066
ORD1540,"Paris, FR","Tokyo, JP",685,Medium,Plane,20.55,0.10756592196554862,128.0928302504513
ORD1541,"London, UK","London, UK",1216,Low,Ship,24.32,0.16410141452864294,428.6703933209748
ORD1542,"London, UK","London, UK",2697,Low,Plane,53.94,0.1980905672201824,290.9277794975893
ORD1543,"Tokyo, JP","Los Angeles, US",3259,Medium,Ship,97.77,0.2544903558717647,284.49441605403024
ORD1544,"Paris, FR","Cairo, EG",586,Low,Plane,11.72,0.13974544461323504,395.12518315180483
ORD1545,"Tokyo, JP","Cairo, EG",1919,Low,Ship,38.38,0.48261671094114744,143.96052692538117
ORD1546,"Los Angeles, US","New York City, US",277,Low,Plane,5.54,0.1635983880313038,114.25392383831802
ORD1547,"New York City, US","New York City, US",990,Medium,Ship,29.7,0.27537866764350594,93.56364022359625
ORD1548,"Tokyo, JP","New York City, US",1795,High,Train,89.75,0.3010122747502325,261.1144478064689
ORD1549,"Los Angeles, US","Tokyo, JP",4386,Medium,Ship,131.57999999999998,0.44750963037735636,215.29666444804283
ORD1550,"Los Angeles, US","Los Angeles, US",4840,High,Train,242.0,0.4981358877355183,432.1615206170381
ORD1551,"Cairo, EG","Los Angeles, US",2911,High,Plane,145.55,0.4193096614130577,114.69302045458898
ORD1552,"Tokyo, JP","Paris, FR",2499,High,Ship,124.95,0.10284034482662148,143.8806371800015
ORD1553,"New York City, US","Los Angeles, US",4304,Medium,Train,129.12,0.3466457469135493,334.3472207786036
ORD1554,"New York City, US","Tokyo, JP",4275,Medium,Plane,128.25,0.15192706505911474,77.19147820322016
ORD1555,"New York City, US","London, UK",2605,High,Ship,130.25,0.3831933859855614,459.0308643037757
ORD1556,"Los Angeles, US","New York City, US",347,Low,Plane,6.94,0.35013455928861825,473.09722473941946
ORD1557,"London, UK","Paris, FR",2273,Medium,Train,68.19,0.3397902847632347,304.7577067957396
ORD1558,"Tokyo, JP","Tokyo, JP",654,High,Plane,32.7,0.30110195927348604,244.93928337767457
ORD1559,"Paris, FR","Cairo, EG",3195,Medium,Train,95.85,0.291974862680518,297.67559512403864
ORD1560,"Cairo, EG","Tokyo, JP",574,High,Plane,28.700000000000003,0.4277348036663734,440.7480004818401
ORD1561,"Cairo, EG","Los Angeles, US",640,High,Plane,32.0,0.35523123257770994,90.71714020478164
ORD1562,"Los Angeles, US","London, UK",3275,Medium,Train,98.25,0.24564732614724047,132.25079731887928
ORD1563,"Tokyo, JP","Paris, FR",1524,Low,Plane,30.48,0.2761801015238444,372.4345520773929
ORD1564,"London, UK","Tokyo, JP",2641,Medium,Plane,79.23,0.4950827653503779,410.59556405643474
ORD1565,"New York City, US","Paris, FR",1501,Medium,Train,45.03,0.15491577422337355,282.34997011426617
ORD1566,"Paris, FR","Tokyo, JP",4266,Low,Train,85.32000000000001,0.4418542045234469,415.28123440437116
ORD1567,"Tokyo, JP","Los Angeles, US",4547,Medium,Plane,136.41,0.4595976487770943,282.7458291541868
ORD1568,"Tokyo, JP","Paris, FR",3898,Low,Train,77.96000000000001,0.49041050209467785,262.36053489586607
ORD1569,"Tokyo, JP","Paris, FR",343,Medium,Train,10.29,0.1084301040332259,469.91383475052527
ORD1570,"Tokyo, JP","London, UK",1408,High,Ship,70.4,0.15680885774502246,249.60951044929126
ORD1571,"London, UK","Cairo, EG",3174,Medium,Ship,95.22,0.3790254102872367,380.68315257433284
ORD1572,"Cairo, EG","Los Angeles, US",4699,High,Train,234.95000000000002,0.4013880742631132,152.97406462503142
ORD1573,"New York City, US","London, UK",2085,Low,Plane,41.7,0.12137900089648378,92.59683206463018
ORD1574,"New York City, US","London, UK",4374,Medium,Ship,131.22,0.297509758476876,206.68844660615457
ORD1575,"London, UK","Los Angeles, US",3539,High,Train,176.95000000000002,0.10434682808727108,85.28393060567316
ORD1576,"Los Angeles, US","London, UK",4469,Medium,Ship,134.07,0.31475707136490394,191.84268857511964
ORD1577,"London, UK","Tokyo, JP",4419,Medium,Ship,132.57,0.4783922994051317,320.0764109441852
ORD1578,"Los Angeles, US","New York City, US",2231,Low,Train,44.62,0.43158213877713936,360.75923897097437
ORD1579,"Paris, FR","Cairo, EG",3410,High,Train,170.5,0.39959508100540264,204.27471745520128
ORD1580,"Los Angeles, US","New York City, US",2136,Low,Train,42.72,0.278567055155743,321.0741509520855
ORD1581,"Los Angeles, US","London, UK",4914,Medium,Train,147.42,0.3237721327258074,408.1557981561044
ORD1582,"New York City, US","Cairo, EG",4200,Medium,Ship,126.0,0.24112601962936497,195.67106565267724
ORD1583,"London, UK","Tokyo, JP",4187,Medium,Ship,125.61,0.15956278442788766,371.2698219355749
ORD1584,"Los Angeles, US","Paris, FR",3345,Medium,Train,100.35,0.3138678479204744,256.99337435069276
ORD1585,"London, UK","Los Angeles, US",547,High,Train,27.35,0.12469372452417793,340.5923151612457
ORD1586,"London, UK","Los Angeles, US",3407,High,Train,170.35000000000002,0.4072597343030636,484.0538946041598
ORD1587,"Tokyo, JP","Paris, FR",1244,Low,Train,24.88,0.2996900438082951,310.7402000098983
ORD1588,"Tokyo, JP","London, UK",815,Medium,Plane,24.45,0.4271402982558026,423.56832432447
ORD1589,"Tokyo, JP","Paris, FR",415,Medium,Train,12.45,0.1996676847317585,188.1217131254827
ORD1590,"Paris, FR","Tokyo, JP",4812,Medium,Train,144.35999999999999,0.44013411428915006,224.28155226593145
ORD1591,"Cairo, EG","Los Angeles, US",1946,Low,Ship,38.92,0.22793540117224287,343.0186870528321
ORD1592,"Cairo, EG","London, UK",760,Low,Ship,15.200000000000001,0.3752984277889847,476.0339546087883
ORD1593,"Paris, FR","Paris, FR",2657,High,Train,132.85,0.4906874255681156,64.53347932505193
ORD1594,"Los Angeles, US","Cairo, EG",2592,Low,Plane,51.84,0.4172004030837183,458.68593712175715
ORD1595,"Paris, FR","Los Angeles, US",682,Medium,Train,20.46,0.31283360131735705,424.7681816221695
ORD1596,"New York City, US","Tokyo, JP",3377,High,Train,168.85000000000002,0.3091026760409349,127.15281708174726
ORD1597,"London, UK","Los Angeles, US",3670,Medium,Plane,110.1,0.39939220033025946,496.61500600619934
ORD1598,"London, UK","Cairo, EG",2229,High,Plane,111.45,0.43967204274268534,162.26701145663765
ORD1599,"Tokyo, JP","Cairo, EG",1303,High,Plane,65.15,0.124430166058289,457.3314425691978
ORD1600,"Tokyo, JP","Paris, FR",3991,Low,Plane,79.82000000000001,0.4129093379684178,359.18934158599745
ORD1601,"London, UK","Cairo, EG",415,Medium,Plane,12.45,0.36400653824923923,248.01154256526343
ORD1602,"Paris, FR","Cairo, EG",317,Low,Ship,6.34,0.34031479045506163,400.61484109717776
ORD1603,"Los Angeles, US","Paris, FR",3579,Medium,Train,107.36999999999999,0.4603912889656,237.72157262378343
ORD1604,"Tokyo, JP","London, UK",2267,Medium,Ship,68.00999999999999,0.14128487168453707,131.5913100883879
ORD1605,"Paris, FR","Cairo, EG",1896,High,Ship,94.80000000000001,0.20370788774991155,72.10481045926528
ORD1606,"Cairo, EG","London, UK",4071,High,Plane,203.55,0.16625138116806962,387.4766606701971
ORD1607,"New York City, US","London, UK",4503,Low,Ship,90.06,0.17683084503502508,273.9322847104873
ORD1608,"Los Angeles, US","Cairo, EG",211,High,Ship,10.55,0.17319014042933467,378.1320640448514
ORD1609,"New York City, US","Tokyo, JP",3860,Low,Plane,77.2,0.15765820078525633,341.35655140400274
ORD1610,"Tokyo, JP","Cairo, EG",3620,Medium,Ship,108.6,0.17590315223527023,100.445833154923
ORD1611,"New York City, US","Cairo, EG",2029,Low,Train,40.58,0.43191584909444225,142.77409140978875
ORD1612,"Los Angeles, US","Los Angeles, US",2359,Low,Ship,47.18,0.44068372780383136,436.18489270182744
ORD1613,"Los Angeles, US","London, UK",3460,High,Ship,173.0,0.3442316519223694,165.61124760340482
ORD1614,"Paris, FR","New York City, US",177,Medium,Train,5.31,0.47328050467427885,443.20622491485193
ORD1615,"London, UK","London, UK",4585,Medium,Train,137.54999999999998,0.4059938825158448,351.3154936940905
ORD1616,"Los Angeles, US","Paris, FR",3485,High,Train,174.25,0.20197372237266986,162.40014795258952
ORD1617,"Cairo, EG","Cairo, EG",3818,Low,Plane,76.36,0.24204059142779571,451.83156986278493
ORD1618,"Tokyo, JP","Cairo, EG",4321,High,Train,216.05,0.4278004797479753,454.8707034959633
ORD1619,"Cairo, EG","Los Angeles, US",1437,Medium,Ship,43.11,0.47752316621806,146.77018301012254
ORD1620,"Cairo, EG","Cairo, EG",4049,Low,Train,80.98,0.17923168755337585,460.1333187576588
ORD1621,"Tokyo, JP","London, UK",2239,Low,Plane,44.78,0.47228131042782995,260.6430514151997
ORD1622,"Cairo, EG","Tokyo, JP",4259,High,Plane,212.95000000000002,0.2775587651558676,127.60545202775954
ORD1623,"Cairo, EG","Tokyo, JP",1558,Medium,Train,46.739999999999995,0.3019066861752811,254.45236165232282
ORD1624,"Los Angeles, US","London, UK",4031,Low,Plane,80.62,0.22360678793626043,236.20703261922134
ORD1625,"Tokyo, JP","Tokyo, JP",431,High,Train,21.55,0.4792370354738613,428.7468559841001
ORD1626,"Tokyo, JP","Paris, FR",1464,Low,Train,29.28,0.42997730074727214,266.64335707531166
ORD1627,"Cairo, EG","Cairo, EG",615,High,Train,30.75,0.28111042122691143,435.78254813375906
ORD1628,"New York City, US","Cairo, EG",3716,Low,Ship,74.32000000000001,0.4849723095985726,130.30624031933007
ORD1629,"London, UK","Paris, FR",3882,High,Train,194.10000000000002,0.18351293399235113,50.06347503183618
ORD1630,"Tokyo, JP","Paris, FR",1959,Low,Train,39.18,0.21213482716215437,87.58175999592333
ORD1631,"New York City, US","Tokyo, JP",2397,Medium,Ship,71.91,0.4000607221115132,97.3935855957782
ORD1632,"Cairo, EG","London, UK",4402,High,Ship,220.10000000000002,0.40667587063522703,263.7628151634982
ORD1633,"Paris, FR","Tokyo, JP",2321,Medium,Train,69.63,0.4525472956912334,58.19312689968148
ORD1634,"Tokyo, JP","Los Angeles, US",4635,Low,Train,92.7,0.4656294780297815,193.30028269317046
ORD1635,"London, UK","Paris, FR",2233,Medium,Train,66.99,0.20064183858848558,160.35942563404922
ORD1636,"New York City, US","London, UK",4569,Low,Train,91.38,0.28776463045916834,473.01098451725403
ORD1637,"London, UK","Tokyo, JP",2422,High,Train,121.10000000000001,0.46559280677675474,324.726509202332
ORD1638,"London, UK","Los Angeles, US",1869,Medium,Plane,56.07,0.2970159261749495,280.9311743297129
ORD1639,"New York City, US","London, UK",2766,Low,Train,55.32,0.4153776564220534,76.74116865207118
ORD1640,"Paris, FR","New York City, US",1204,Low,Train,24.080000000000002,0.36244381909184664,272.9499927888636
ORD1641,"Los Angeles, US","London, UK",3641,Low,Plane,72.82000000000001,0.144933796791678,341.3582746115551
ORD1642,"Cairo, EG","New York City, US",1290,Medium,Ship,38.699999999999996,0.2762795917383156,435.6210074042508
ORD1643,"Cairo, EG","Paris, FR",1824,Medium,Plane,54.72,0.12694344227590615,142.19675305230538
ORD1644,"Cairo, EG","Tokyo, JP",1063,High,Plane,53.150000000000006,0.3837109555950401,482.8983559144289
ORD1645,"Los Angeles, US","Los Angeles, US",4473,Medium,Ship,134.19,0.3247677999199639,100.63947816003693
ORD1646,"Los Angeles, US","Los Angeles, US",990,High,Train,49.5,0.3705610006314797,264.89300682900466
ORD1647,"Los Angeles, US","Cairo, EG",2865,Low,Train,57.300000000000004,0.14416508874228656,497.9011025469483
ORD1648,"Tokyo, JP","Los Angeles, US",1630,Medium,Plane,48.9,0.294649451647169,330.1928701524347
ORD1649,"New York City, US","Tokyo, JP",3630,Medium,Train,108.89999999999999,0.4122519293459175,70.7120073587643
ORD1650,"Paris, FR","Tokyo, JP",4235,High,Plane,211.75,0.18641325045386062,285.0060285187333
ORD1651,"Cairo, EG","Tokyo, JP",630,Low,Plane,12.6,0.18213339196037026,398.4734650323127
ORD1652,"Cairo, EG","Paris, FR",1906,Medium,Plane,57.18,0.1221872522327078,406.22712630800356
ORD1653,"London, UK","Cairo, EG",3415,Medium,Train,102.45,0.4687620594990156,405.16092251299136
ORD1654,"Los Angeles, US","Paris, FR",368,High,Train,18.400000000000002,0.12717350466403632,241.15248869242197
ORD1655,"New York City, US","London, UK",3575,Medium,Ship,107.25,0.3493719751429696,104.46061986876128
ORD1656,"Tokyo, JP","New York City, US",3697,Medium,Plane,110.91,0.405989334258529,266.0265828470448
ORD1657,"Cairo, EG","Paris, FR",3872,High,Ship,193.60000000000002,0.19763516815036464,466.5670973901269
ORD1658,"London, UK","New York City, US",254,Low,Train,5.08,0.2966093030318675,272.544230710257
ORD1659,"London, UK","London, UK",1759,Low,Ship,35.18,0.2815831577007675,86.3505596295173
ORD1660,"Tokyo, JP","New York City, US",4339,Medium,Train,130.17,0.4037407347222076,98.8587477963296
ORD1661,"New York City, US","Tokyo, JP",2309,Low,Train,46.18,0.1715493935906635,139.4711383930248
ORD1662,"New York City, US","New York City, US",2437,High,Ship,121.85000000000001,0.457163665480704,334.8518751292579
ORD1663,"New York City, US","Paris, FR",1457,Medium,Ship,43.71,0.4670055023711296,176.58414645890753
ORD1664,"Cairo, EG","Los Angeles, US",3000,Medium,Ship,90.0,0.4071458766142605,157.6772360095859
ORD1665,"Cairo, EG","London, UK",4010,Medium,Train,120.3,0.35795643895045204,291.47521911893716
ORD1666,"New York City, US","Tokyo, JP",684,Medium,Plane,20.52,0.19621848232746097,296.20408930325004
ORD1667,"London, UK","Tokyo, JP",3069,Low,Plane,61.38,0.12708319080821898,118.26139244875259
ORD1668,"Cairo, EG","London, UK",625,Low,Plane,12.5,0.3307582085401995,241.4891363803313
ORD1669,"London, UK","Paris, FR",2359,Medium,Plane,70.77,0.24696969387779688,451.2805418571152
ORD1670,"Tokyo, JP","Paris, FR",1679,Medium,Ship,50.37,0.2799071392127741,263.7345618628271
ORD1671,"Cairo, EG","Los Angeles, US",3191,Low,Plane,63.82,0.2575481085308581,244.63067692100623
ORD1672,"Cairo, EG","London, UK",2331,Medium,Train,69.92999999999999,0.268730464877748,245.58429877541954
ORD1673,"Cairo, EG","Los Angeles, US",4469,Low,Ship,89.38,0.2972981296039312,244.28506081161171
ORD1674,"Paris, FR","Los Angeles, US",4116,Medium,Plane,123.47999999999999,0.38828489816819345,83.44932076827826
ORD1675,"Cairo, EG","Tokyo, JP",1118,High,Ship,55.900000000000006,0.2947605172207304,371.13191567438474
ORD1676,"Cairo, EG","New York City, US",1893,Medium,Train,56.79,0.4088648794104923,468.91237416684436
ORD1677,"Los Angeles, US","Los Angeles, US",3987,High,Train,199.35000000000002,0.3589040724179188,290.109060268657
ORD1678,"Los Angeles, US","Paris, FR",508,High,Ship,25.400000000000002,0.2282634492343444,314.56936084073334
ORD1679,"Paris, FR","Paris, FR",776,High,Ship,38.800000000000004,0.2930209756091698,62.82126660773765
ORD1680,"Tokyo, JP","Cairo, EG",1806,Medium,Train,54.18,0.12994632660993624,290.899949858465
ORD1681,"London, UK","Cairo, EG",2468,Low,Plane,49.36,0.3644031982522825,482.0187936342762
ORD1682,"Cairo, EG","Paris, FR",3065,High,Ship,153.25,0.38969163066903667,166.4937519359243
ORD1683,"Los Angeles, US","Cairo, EG",3928,Medium,Ship,117.83999999999999,0.1285364312259643,141.54700013556646
ORD1684,"Los Angeles, US","New York City, US",4240,Low,Ship,84.8,0.29566252754543676,336.776600758447
ORD1685,"Cairo, EG","New York City, US",2968,Medium,Plane,89.03999999999999,0.4949563898057595,158.8891046282879
ORD1686,"Tokyo, JP","Cairo, EG",1406,High,Ship,70.3,0.30279350770251623,248.1815712806483
ORD1687,"Los Angeles, US","Paris, FR",2839,Low,Plane,56.78,0.3110592502544923,274.2106245421272
ORD1688,"London, UK","Tokyo, JP",2000,Low,Ship,40.0,0.37295142125072733,146.58374053526245
ORD1689,"Los Angeles, US","Cairo, EG",432,Medium,Ship,12.959999999999999,0.48978603428363177,287.57875533074076
ORD1690,"Los Angeles, US","London, UK",3069,Low,Train,61.38,0.4263671840678753,257.82058725887146
ORD1691,"Los Angeles, US","New York City, US",1758,Low,Train,35.160000000000004,0.2685710465498031,355.0094161208222
ORD1692,"Tokyo, JP","London, UK",3450,Medium,Train,103.5,0.2579525722395877,391.591577143495
ORD1693,"London, UK","Paris, FR",1243,Medium,Ship,37.29,0.10555462799402023,315.18107304425035
ORD1694,"Cairo, EG","Cairo, EG",3574,Low,Ship,71.48,0.34696372907592654,427.6935439222822
ORD1695,"Los Angeles, US","London, UK",1817,Medium,Ship,54.51,0.1760198748861905,498.0818701688419
ORD1696,"London, UK","New York City, US",4235,High,Train,211.75,0.2832055006184078,461.13403078829475
ORD1697,"New York City, US","New York City, US",3967,Low,Ship,79.34,0.4235503189574943,371.92470148775925
ORD1698,"Los Angeles, US","Cairo, EG",4473,High,Ship,223.65,0.334531129675256,289.8555706724011
ORD1699,"Tokyo, JP","Tokyo, JP",1604,Low,Plane,32.08,0.10209391734736412,196.09968496261467
ORD1700,"Paris, FR","Paris, FR",4447,Low,Train,88.94,0.32836731967374094,142.04029263500814
ORD1701,"Paris, FR","New York City, US",2154,Medium,Train,64.62,0.4997804245357488,493.0054500240727
ORD1702,"Tokyo, JP","London, UK",4031,Medium,Plane,120.92999999999999,0.36858079528877974,103.83314929112007
ORD1703,"Los Angeles, US","Paris, FR",2257,High,Plane,112.85000000000001,0.14824824251710061,479.7471526949671
ORD1704,"Tokyo, JP","Cairo, EG",1566,Medium,Plane,46.98,0.1209390196229072,281.05764749156333
ORD1705,"London, UK","London, UK",4420,High,Train,221.0,0.372854128161486,471.4347546545786
ORD1706,"New York City, US","Paris, FR",2520,Low,Train,50.4,0.43903758546448446,390.47062672569444
ORD1707,"Paris, FR","New York City, US",408,High,Ship,20.400000000000002,0.3681601699587932,81.37687790637845
ORD1708,"Paris, FR","Cairo, EG",3866,High,Plane,193.3,0.39752343024052694,68.08662290380661
ORD1709,"Tokyo, JP","Paris, FR",1757,Low,Ship,35.14,0.13540701609981035,111.79180763343591
ORD1710,"Paris, FR","Los Angeles, US",2085,Medium,Plane,62.55,0.41653896385131917,375.0433763761696
ORD1711,"Paris, FR","Cairo, EG",4629,High,Train,231.45000000000002,0.3310006098830094,62.75085243275448
ORD1712,"Los Angeles, US","Los Angeles, US",1543,Medium,Train,46.29,0.21130181413707083,348.71932872691815
ORD1713,"Tokyo, JP","Los Angeles, US",3649,High,Train,182.45000000000002,0.24039200705428387,454.2486271161492
ORD1714,"Paris, FR","Tokyo, JP",817,High,Plane,40.85,0.22136921979301977,54.86621836070157
ORD1715,"Los Angeles, US","Los Angeles, US",3410,Medium,Plane,102.3,0.47247029404835017,459.4594836567431
ORD1716,"Paris, FR","Tokyo, JP",1585,Medium,Ship,47.55,0.1250369871265749,72.48257490602599
ORD1717,"Paris, FR","Cairo, EG",1205,Low,Plane,24.1,0.2599570808331209,197.42156800629604
ORD1718,"London, UK","Paris, FR",4339,Low,Train,86.78,0.18966654584161535,268.58745026652264
ORD1719,"Paris, FR","New York City, US",2271,Medium,Plane,68.13,0.3232897779060101,50.127238981848144
ORD1720,"Cairo, EG","Cairo, EG",4552,Low,Train,91.04,0.3037506102672084,357.4351869780616
ORD1721,"Tokyo, JP","Cairo, EG",464,Medium,Train,13.92,0.3461479872327393,55.20185223805253
ORD1722,"Tokyo, JP","London, UK",4878,High,Ship,243.9,0.1573259239906206,457.50012975798654
ORD1723,"Tokyo, JP","New York City, US",4585,Medium,Plane,137.54999999999998,0.35684011935228266,202.75922517811247
ORD1724,"Paris, FR","New York City, US",1795,Low,Plane,35.9,0.13516284452344893,241.66668198529808
ORD1725,"Paris, FR","Cairo, EG",4159,Medium,Ship,124.77,0.2624983789317557,362.1016931078273
ORD1726,"Paris, FR","London, UK",4175,High,Ship,208.75,0.3410075920199036,150.54319813088475
ORD1727,"Paris, FR","New York City, US",3195,Low,Ship,63.9,0.3429475094294223,383.8487746817724
ORD1728,"Cairo, EG","New York City, US",2018,High,Train,100.9,0.2456963159863783,74.95006383210328
ORD1729,"Los Angeles, US","Los Angeles, US",3334,Low,Train,66.68,0.4633075669401524,54.67440035093375
ORD1730,"Los Angeles, US","Cairo, EG",2375,Medium,Plane,71.25,0.283632062159792,400.44690289242965
ORD1731,"London, UK","Paris, FR",1286,Low,Plane,25.72,0.48282583510425925,376.6494160769921
ORD1732,"Paris, FR","New York City, US",2178,Low,Plane,43.56,0.17917900675112242,428.1303221069161
ORD1733,"Paris, FR","London, UK",4190,Medium,Ship,125.69999999999999,0.30453696388017903,64.11710307020653
ORD1734,"Cairo, EG","London, UK",4283,High,Plane,214.15,0.2906479294821145,369.35537180184906
ORD1735,"New York City, US","Tokyo, JP",2019,Medium,Train,60.57,0.4523889024355695,447.98668083892824
ORD1736,"Paris, FR","Los Angeles, US",684,Medium,Ship,20.52,0.12893900192371524,209.98983516488622
ORD1737,"London, UK","Cairo, EG",3860,Low,Plane,77.2,0.2825118274842211,379.39146766133774
ORD1738,"Los Angeles, US","Tokyo, JP",4653,Medium,Plane,139.59,0.20926747654348332,204.0769181053319
ORD1739,"Cairo, EG","Cairo, EG",3493,Medium,Train,104.78999999999999,0.21402874579217868,469.5477389858905
ORD1740,"Cairo, EG","Los Angeles, US",1354,Medium,Train,40.62,0.33685438107739063,425.9229475121309
ORD1741,"Paris, FR","Tokyo, JP",3276,Medium,Ship,98.28,0.1500073079901456,353.1110419966317
ORD1742,"Los Angeles, US","Paris, FR",2006,Medium,Train,60.18,0.290898063467062,181.28002349399023
ORD1743,"Los Angeles, US","Tokyo, JP",2463,Medium,Plane,73.89,0.30593466368835887,101.47516332949237
ORD1744,"New York City, US","Los Angeles, US",4630,Low,Plane,92.60000000000001,0.4071629309847813,378.5438634384223
ORD1745,"London, UK","Paris, FR",4680,High,Ship,234.0,0.464395497874187,90.80110559175759
ORD1746,"Tokyo, JP","New York City, US",1435,High,Ship,71.75,0.4590988285559031,429.0753009421193
ORD1747,"New York City, US","Cairo, EG",1656,Medium,Plane,49.68,0.22644399457092473,80.48168022420731
ORD1748,"Paris, FR","London, UK",2085,High,Train,104.25,0.1253458614098721,123.93387386609757
ORD1749,"Los Angeles, US","Paris, FR",4561,Low,Train,91.22,0.39905910177944914,82.22897543444027
ORD1750,"Cairo, EG","Los Angeles, US",927,High,Ship,46.35,0.1757528921476008,220.022691399303
ORD1751,"Los Angeles, US","Paris, FR",2152,Medium,Plane,64.56,0.2951756853119579,184.64245923784134
ORD1752,"London, UK","London, UK",630,Medium,Train,18.9,0.2502935205120206,290.70147365259265
ORD1753,"Cairo, EG","London, UK",570,Low,Plane,11.4,0.1271376565230624,314.8322674612691
ORD1754,"London, UK","Cairo, EG",3904,Medium,Ship,117.11999999999999,0.2622698873745972,256.64318812652357
ORD1755,"New York City, US","Cairo, EG",4840,Medium,Plane,145.2,0.33064237179082734,268.7957565213914
ORD1756,"London, UK","Los Angeles, US",2407,Low,Ship,48.14,0.326058601614852,438.0484721835859
ORD1757,"Los Angeles, US","Cairo, EG",3506,High,Plane,175.3,0.3139697501862283,393.5575413362767
ORD1758,"Tokyo, JP","Cairo, EG",871,Medium,Train,26.13,0.40821059818132144,284.64239406091133
ORD1759,"London, UK","Paris, FR",1871,Medium,Plane,56.129999999999995,0.1610814478770658,130.9626335633719
ORD1760,"Los Angeles, US","Paris, FR",3085,Medium,Train,92.55,0.13980476242780485,70.49101072809532
ORD1761,"Cairo, EG","Cairo, EG",1440,Low,Ship,28.8,0.43453725395228393,159.41456659707546
ORD1762,"Los Angeles, US","Los Angeles, US",714,Low,Train,14.280000000000001,0.15213792045258964,409.9912296964695
ORD1763,"New York City, US","Cairo, EG",3905,High,Train,195.25,0.3413923916838034,217.04735634564742
ORD1764,"Los Angeles, US","Cairo, EG",1518,Low,Plane,30.36,0.2356544985972794,148.95555683451192
ORD1765,"Paris, FR","Cairo, EG",727,Low,Plane,14.540000000000001,0.4498105344344484,469.10317197522795
ORD1766,"Paris, FR","Cairo, EG",3836,High,Plane,191.8,0.36357402244225423,91.95305537788124
ORD1767,"Paris, FR","London, UK",1580,Low,Plane,31.6,0.254930160768271,351.8788037861927
ORD1768,"Paris, FR","Los Angeles, US",3781,Medium,Train,113.42999999999999,0.27382034318258563,442.0893520700992
ORD1769,"London, UK","London, UK",3067,Medium,Ship,92.00999999999999,0.29455724807667627,435.99812995731736
ORD1770,"New York City, US","London, UK",3416,Medium,Train,102.47999999999999,0.4547649636722594,168.60115504477656
ORD1771,"London, UK","Cairo, EG",3988,Low,Plane,79.76,0.4274583251414339,157.53080709867618
ORD1772,"London, UK","Paris, FR",3967,High,Ship,198.35000000000002,0.2801039983158763,193.1447576974025
ORD1773,"Cairo, EG","New York City, US",886,Medium,Plane,26.58,0.19853521600321555,84.95225885678677
ORD1774,"Los Angeles, US","Tokyo, JP",2581,High,Train,129.05,0.3555555687884594,100.91869391446973
ORD1775,"Tokyo, JP","Tokyo, JP",2072,Medium,Plane,62.16,0.22977178409248064,181.98388080879673
ORD1776,"London, UK","Cairo, EG",328,High,Train,16.400000000000002,0.2751196881071976,123.60747107274801
ORD1777,"Tokyo, JP","Tokyo, JP",3177,Medium,Ship,95.31,0.31657645915479005,58.410642767513906
ORD1778,"Tokyo, JP","New York City, US",3972,Medium,Plane,119.16,0.3546051151379743,440.3462028210601
ORD1779,"New York City, US","Tokyo, JP",328,High,Train,16.400000000000002,0.16425249419255306,315.9439828490428
ORD1780,"Cairo, EG","Tokyo, JP",4580,Medium,Ship,137.4,0.13488744618511528,355.85605426855295
ORD1781,"Paris, FR","London, UK",3450,High,Plane,172.5,0.1502030740853223,157.0419967146047
ORD1782,"New York City, US","Cairo, EG",3483,Medium,Plane,104.49,0.3262481962026025,487.894561330172
ORD1783,"Cairo, EG","Paris, FR",1912,High,Ship,95.60000000000001,0.3709158735895256,344.2438687690885
ORD1784,"Los Angeles, US","Paris, FR",4913,High,Ship,245.65,0.2246815605703807,227.94302239918125
ORD1785,"London, UK","Paris, FR",3605,Medium,Ship,108.14999999999999,0.2831898944334852,362.381831549823
ORD1786,"New York City, US","New York City, US",3600,High,Ship,180.0,0.25240066403733885,314.8846403199857
ORD1787,"Tokyo, JP","New York City, US",877,High,Ship,43.85,0.33354923568051015,338.80510471104384
ORD1788,"Los Angeles, US","Cairo, EG",2711,High,Ship,135.55,0.3080278316368148,254.29383933776003
ORD1789,"London, UK","London, UK",4945,Medium,Train,148.35,0.17888342144576175,436.0751922076333
ORD1790,"Paris, FR","Cairo, EG",2862,High,Ship,143.1,0.26036865417196864,135.3952731792712
ORD1791,"Tokyo, JP","Los Angeles, US",4656,Low,Ship,93.12,0.35408183332607013,70.41337055690374
ORD1792,"Tokyo, JP","New York City, US",117,High,Train,5.8500000000000005,0.4862711862296474,331.9485820652336
ORD1793,"Tokyo, JP","Paris, FR",4231,Low,Train,84.62,0.27735248049095007,387.71409460186425
ORD1794,"New York City, US","London, UK",989,High,Plane,49.45,0.4291377610652428,201.17628221809218
ORD1795,"Los Angeles, US","New York City, US",508,Low,Plane,10.16,0.12681559922390512,319.0423041731537
ORD1796,"Los Angeles, US","London, UK",2100,Medium,Train,63.0,0.476166645175934,280.7442464785148
ORD1797,"Los Angeles, US","London, UK",2766,Low,Train,55.32,0.4900145630819419,423.0495131861827
ORD1798,"Los Angeles, US","Los Angeles, US",3275,Medium,Plane,98.25,0.13670933499940452,426.8636425064811
ORD1799,"New York City, US","London, UK",4763,Low,Plane,95.26,0.46692764458210434,475.48490706329807
ORD1800,"Los Angeles, US","London, UK",3246,High,Ship,162.3,0.42869446046440784,115.44035198417666
ORD1801,"Tokyo, JP","Los Angeles, US",468,Low,Ship,9.36,0.33938820916507995,143.02782303381528
ORD1802,"Cairo, EG","New York City, US",4849,Low,Plane,96.98,0.35949522114759036,326.1399943893093
ORD1803,"London, UK","Cairo, EG",2930,High,Train,146.5,0.35590356187954586,122.80505070347935
ORD1804,"London, UK","Los Angeles, US",482,Low,Train,9.64,0.48973417747607384,316.35489640016164
ORD1805,"Paris, FR","Cairo, EG",1845,Low,Plane,36.9,0.39755612994347855,463.58346154570086
ORD1806,"Cairo, EG","Tokyo, JP",3610,Medium,Plane,108.3,0.12377483565519497,464.6454730924132
ORD1807,"Tokyo, JP","New York City, US",3464,Medium,Plane,103.92,0.15957633895875648,148.15550540514204
ORD1808,"London, UK","Paris, FR",3537,Low,Ship,70.74,0.14120839354134707,464.44555098390276
ORD1809,"Paris, FR","Tokyo, JP",1458,High,Ship,72.9,0.2672743528069885,236.05937855068174
ORD1810,"London, UK","New York City, US",2537,Low,Plane,50.74,0.15537186800303893,205.41177600357778
ORD1811,"Cairo, EG","Los Angeles, US",3150,Low,Plane,63.0,0.3638969805128195,97.82193946889521
ORD1812,"Cairo, EG","Los Angeles, US",3107,High,Plane,155.35000000000002,0.3282247544545651,373.85719682908467
ORD1813,"Los Angeles, US","London, UK",1871,Medium,Plane,56.129999999999995,0.27566982724663025,309.5067231262044
ORD1814,"New York City, US","Los Angeles, US",1692,Low,Ship,33.84,0.11893193155069436,79.96434788112705
ORD1815,"Los Angeles, US","Los Angeles, US",2771,Medium,Train,83.13,0.2682631441036321,433.87988554304894
ORD1816,"Los Angeles, US","Cairo, EG",3506,High,Plane,175.3,0.24682515441554018,422.51379313238573
ORD1817,"Los Angeles, US","New York City, US",3283,Low,Ship,65.66,0.18703525953374728,389.40205699354533
ORD1818,"London, UK","Los Angeles, US",760,Low,Train,15.200000000000001,0.30795053692349494,111.00172360608455
ORD1819,"London, UK","New York City, US",4914,High,Plane,245.70000000000002,0.11872498235067788,407.03164903956366
ORD1820,"London, UK","New York City, US",2070,Medium,Plane,62.099999999999994,0.31692219051748577,81.52197288252366
ORD1821,"Tokyo, JP","Tokyo, JP",991,Low,Plane,19.82,0.4939942001731853,483.64449969193
ORD1822,"London, UK","Paris, FR",3832,Low,Ship,76.64,0.45016824936074074,191.9141335306531
ORD1823,"Tokyo, JP","Los Angeles, US",3110,High,Train,155.5,0.4747064019145518,357.9682000570039
ORD1824,"Cairo, EG","New York City, US",2118,Low,Train,42.36,0.3792164133967354,237.85349321647246
ORD1825,"Cairo, EG","New York City, US",3131,Low,Train,62.620000000000005,0.4286236658208067,438.0722545703935
ORD1826,"Los Angeles, US","Tokyo, JP",4500,High,Plane,225.0,0.38411865951792346,479.0969023072959
ORD1827,"Los Angeles, US","London, UK",886,Low,Train,17.72,0.41485006423035575,380.57496934925155
ORD1828,"Tokyo, JP","Tokyo, JP",4945,Medium,Ship,148.35,0.14002159513278453,408.35989093531884
ORD1829,"Los Angeles, US","New York City, US",3574,Low,Plane,71.48,0.41193281682220506,137.78240347370294
ORD1830,"Los Angeles, US","Cairo, EG",1493,High,Ship,74.65,0.29383514981491676,253.15866004817352
ORD1831,"New York City, US","Paris, FR",540,Low,Plane,10.8,0.2805533126431976,439.530917242379
ORD1832,"Los Angeles, US","Tokyo, JP",4424,Medium,Train,132.72,0.3818746901453638,278.6890127834737
ORD1833,"Los Angeles, US","Los Angeles, US",1186,Low,Plane,23.72,0.36579759020584235,311.18426924600914
ORD1834,"Los Angeles, US","Paris, FR",3276,High,Plane,163.8,0.34953216355904815,214.83254239117832
ORD1835,"New York City, US","Cairo, EG",4382,Medium,Train,131.46,0.23045860312938818,216.21443545569866
ORD1836,"Tokyo, JP","Tokyo, JP",2847,Low,Ship,56.94,0.37901841865367436,437.89830770022377
ORD1837,"London, UK","Tokyo, JP",998,High,Train,49.900000000000006,0.3989159871868585,68.27103897327615
ORD1838,"New York City, US","New York City, US",3485,Low,Ship,69.7,0.37279181364025993,336.3105169533433
ORD1839,"Tokyo, JP","New York City, US",4378,Medium,Ship,131.34,0.29440385283409143,420.99822695639574
ORD1840,"Cairo, EG","New York City, US",515,Low,Plane,10.3,0.3278705140007397,438.3714894796279
ORD1841,"New York City, US","New York City, US",1078,Medium,Train,32.339999999999996,0.31365900807665625,441.4008683438874
ORD1842,"New York City, US","Tokyo, JP",3738,Medium,Plane,112.14,0.489682121608927,108.31150884126228
ORD1843,"New York City, US","London, UK",4981,High,Plane,249.05,0.34880930040220326,411.6998756801556
ORD1844,"Tokyo, JP","Paris, FR",2014,Low,Ship,40.28,0.3170145596237741,63.72922978296422
ORD1845,"Los Angeles, US","Los Angeles, US",2578,High,Plane,128.9,0.31991223397578034,349.0388132599791
ORD1846,"Cairo, EG","Tokyo, JP",1759,High,Ship,87.95,0.3976334819141454,466.7445486246276
ORD1847,"London, UK","Los Angeles, US",4488,Low,Train,89.76,0.34327144501794815,406.9076441181796
ORD1848,"Paris, FR","Los Angeles, US",1187,Medium,Plane,35.61,0.2625149102057156,257.55519572447594
ORD1849,"Paris, FR","Tokyo, JP",2589,Medium,Train,77.67,0.3247582694515089,50.360186349812494
ORD1850,"New York City, US","Paris, FR",4101,Medium,Train,123.03,0.15309040706740684,126.320812489845
ORD1851,"Paris, FR","Cairo, EG",851,High,Ship,42.550000000000004,0.39009106984359365,383.7572306353837
ORD1852,"Paris, FR","Los Angeles, US",492,Medium,Train,14.76,0.32309704264124417,258.62668262556735
ORD1853,"New York City, US","Cairo, EG",3866,Medium,Ship,115.97999999999999,0.28459081856220825,324.3204203307728
ORD1854,"London, UK","Los Angeles, US",277,Low,Ship,5.54,0.148945418593686,131.92947513812368
ORD1855,"Tokyo, JP","London, UK",2686,Low,Ship,53.72,0.3078038405083764,426.603720554416
ORD1856,"Cairo, EG","Paris, FR",2954,Low,Ship,59.08,0.4826476266412302,314.4711331508104
ORD1857,"Los Angeles, US","New York City, US",4552,High,Plane,227.60000000000002,0.30304335469238486,301.24729414892226
ORD1858,"Los Angeles, US","Los Angeles, US",4240,Low,Ship,84.8,0.20153058825628364,239.60293301226616
ORD1859,"Los Angeles, US","Los Angeles, US",3537,Low,Plane,70.74,0.45943196598244096,93.36581344699908
ORD1860,"New York City, US","New York City, US",1604,Low,Ship,32.08,0.11276754891378094,279.3355092575629
ORD1861,"Cairo, EG","London, UK",3948,High,Plane,197.4,0.282018140167806,84.99769813280737
ORD1862,"Cairo, EG","Tokyo, JP",4729,High,Train,236.45000000000002,0.44947601035173224,416.26116086713347
ORD1863,"Los Angeles, US","Los Angeles, US",1781,High,Plane,89.05000000000001,0.290373215110867,281.8404457945866
ORD1864,"New York City, US","Paris, FR",4093,Medium,Train,122.78999999999999,0.3912444196997312,266.6309056292069
ORD1865,"Tokyo, JP","Paris, FR",3350,Low,Ship,67.0,0.18535222291146367,486.4879408050962
ORD1866,"Los Angeles, US","Cairo, EG",3259,Low,Plane,65.18,0.12182287951983564,418.22244072012853
ORD1867,"Los Angeles, US","Los Angeles, US",1169,Medium,Plane,35.07,0.4785772079629753,398.5009407216431
ORD1868,"Cairo, EG","Los Angeles, US",1163,High,Train,58.150000000000006,0.46963866820268996,296.301486697982
ORD1869,"London, UK","Tokyo, JP",4620,High,Ship,231.0,0.22183748495161282,231.02542810130868
ORD1870,"Cairo, EG","Cairo, EG",2865,High,Train,143.25,0.1277735124723916,220.11448852717055
ORD1871,"Los Angeles, US","Los Angeles, US",4031,High,Train,201.55,0.22952711974522455,361.2615810850973
ORD1872,"Los Angeles, US","New York City, US",2095,High,Ship,104.75,0.321363949761319,97.67889826951728
ORD1873,"New York City, US","Tokyo, JP",1307,Medium,Ship,39.21,0.31296513911601315,91.90177261396887
ORD1874,"Los Angeles, US","Los Angeles, US",3638,High,Plane,181.9,0.4509629765446508,157.60955530778887
ORD1875,"Cairo, EG","Tokyo, JP",3449,High,Train,172.45000000000002,0.3176789849178433,150.42622257972693
ORD1876,"London, UK","Paris, FR",1817,High,Train,90.85000000000001,0.23298719024301473,451.64103539818336
ORD1877,"Cairo, EG","Tokyo, JP",1186,High,Plane,59.300000000000004,0.309015812128558,141.54433076313214
ORD1878,"London, UK","London, UK",4732,Low,Train,94.64,0.4031733230188371,253.35829415582015
ORD1879,"Tokyo, JP","London, UK",2743,High,Ship,137.15,0.3283726358406851,202.50191791924493
ORD1880,"London, UK","Los Angeles, US",2085,Low,Plane,41.7,0.36043548359182354,141.8259227274505
ORD1881,"Paris, FR","Paris, FR",904,Medium,Train,27.119999999999997,0.1960710252726559,395.9299648073871
ORD1882,"Cairo, EG","Tokyo, JP",2236,Medium,Ship,67.08,0.34803436915067365,118.98300413637283
ORD1883,"New York City, US","New York City, US",3638,High,Train,181.9,0.4022426149209791,145.3845595437066
ORD1884,"Paris, FR","New York City, US",292,Low,Ship,5.84,0.17790161551857595,323.05370800257566
ORD1885,"New York City, US","Tokyo, JP",1457,Medium,Plane,43.71,0.294636754787598,495.19212125673715
ORD1886,"Los Angeles, US","London, UK",1139,Low,Ship,22.78,0.4399595381939282,480.0161484301616
ORD1887,"London, UK","Tokyo, JP",145,Low,Ship,2.9,0.20979399150066236,426.49938091336077
ORD1888,"Cairo, EG","New York City, US",227,Low,Plane,4.54,0.13706857019101315,412.5643726676709
ORD1889,"Cairo, EG","New York City, US",2093,Medium,Ship,62.79,0.4796101177702775,160.0600628254353
ORD1890,"Paris, FR","Paris, FR",2657,Medium,Ship,79.71,0.14410893616674417,239.9350027722459
ORD1891,"Tokyo, JP","London, UK",3575,High,Train,178.75,0.1316970452263173,188.79925565839918
ORD1892,"Los Angeles, US","Los Angeles, US",4406,Low,Plane,88.12,0.15191630423675762,398.47837105340216
ORD1893,"Paris, FR","Tokyo, JP",3565,Low,Plane,71.3,0.2913237475916397,234.4070652100175
ORD1894,"New York City, US","Tokyo, JP",4240,High,Ship,212.0,0.4638408180726059,447.04081735156745
ORD1895,"New York City, US","Los Angeles, US",3630,Low,Ship,72.60000000000001,0.15031996047976137,466.3294421988949
ORD1896,"London, UK","Los Angeles, US",1821,Low,Plane,36.42,0.42244503498101615,226.07328071144894
ORD1897,"London, UK","New York City, US",2499,High,Train,124.95,0.12658274919732493,480.46208550310223
ORD1898,"Cairo, EG","Paris, FR",2418,Medium,Train,72.53999999999999,0.33377643476146834,213.72740466302525
ORD1899,"Tokyo, JP","New York City, US",4299,Low,Train,85.98,0.27734008690010126,267.9047582421748
ORD1900,"Los Angeles, US","Cairo, EG",2100,Medium,Ship,63.0,0.291727798796663,325.36592749623856
ORD1901,"Cairo, EG","Tokyo, JP",3751,Low,Ship,75.02,0.37111097842401897,423.8873793042716
ORD1902,"New York City, US","London, UK",3493,High,Train,174.65,0.16447044811583278,440.8479419403998
ORD1903,"Los Angeles, US","New York City, US",4862,Medium,Ship,145.85999999999999,0.21604163885268238,248.8572621835047
ORD1904,"New York City, US","New York City, US",147,Low,Ship,2.94,0.39550590579478206,138.79642517264682
ORD1905,"Paris, FR","London, UK",4540,High,Plane,227.0,0.23114157222975973,328.08352050552526
ORD1906,"New York City, US","Cairo, EG",1074,Medium,Plane,32.22,0.31913166451183217,337.2791708915619
ORD1907,"New York City, US","Paris, FR",3259,High,Plane,162.95000000000002,0.217890283713451,55.96235717804103
ORD1908,"Tokyo, JP","Cairo, EG",3137,Medium,Train,94.11,0.2082878259914427,193.4626496425981
ORD1909,"Cairo, EG","Los Angeles, US",2437,Medium,Train,73.11,0.14135440092099186,226.38798478944327
ORD1910,"Paris, FR","Paris, FR",3008,Low,Train,60.160000000000004,0.24888498115203755,208.96974200913246
ORD1911,"Los Angeles, US","Cairo, EG",3715,Low,Plane,74.3,0.11709355295189972,72.9837240151924
ORD1912,"Los Angeles, US","Paris, FR",2208,Low,Train,44.160000000000004,0.2575069386347536,238.88788244091438
ORD1913,"Cairo, EG","Tokyo, JP",453,Low,Ship,9.06,0.4421942949956804,61.8642718434973
ORD1914,"New York City, US","London, UK",1827,High,Ship,91.35000000000001,0.16676410908001055,83.07313096092345
ORD1915,"Paris, FR","Paris, FR",257,Medium,Train,7.71,0.20416418794497482,189.9221789243968
ORD1916,"Los Angeles, US","Los Angeles, US",1360,Low,Train,27.2,0.38350861030945127,351.4312845119353
ORD1917,"London, UK","Los Angeles, US",3198,Low,Ship,63.96,0.17831242204838973,338.9695568142419
ORD1918,"London, UK","Tokyo, JP",856,Low,Train,17.12,0.2492698910044212,495.5056383925433
ORD1919,"Los Angeles, US","Los Angeles, US",3679,High,Plane,183.95000000000002,0.24909827497851775,56.902062038708124
ORD1920,"Los Angeles, US","Paris, FR",1349,Low,Train,26.98,0.25571634501411256,404.14455298148334
ORD1921,"Paris, FR","Paris, FR",1244,High,Train,62.2,0.24453543184790472,143.96390563610805
ORD1922,"Paris, FR","Los Angeles, US",3398,High,Plane,169.9,0.4329976532671481,391.757060533209
ORD1923,"Cairo, EG","Los Angeles, US",2233,Low,Train,44.660000000000004,0.25470907388788167,80.3168016576154
ORD1924,"New York City, US","Cairo, EG",2771,Medium,Train,83.13,0.20233879136588878,315.6697903832695
ORD1925,"New York City, US","Tokyo, JP",1266,High,Plane,63.300000000000004,0.4685526063079125,317.1201342542027
ORD1926,"Los Angeles, US","Cairo, EG",1959,Medium,Train,58.769999999999996,0.3110473745242271,484.63450486672775
ORD1927,"Tokyo, JP","Paris, FR",3488,Medium,Train,104.64,0.19199082485312202,402.54303786919604
ORD1928,"Los Angeles, US","Cairo, EG",2001,High,Ship,100.05000000000001,0.25919224223134085,476.56002041090386
ORD1929,"London, UK","London, UK",379,High,Plane,18.95,0.36198192401931195,68.01616583134862
ORD1930,"Cairo, EG","New York City, US",3904,Medium,Train,117.11999999999999,0.16641305770347692,326.18061462424924
ORD1931,"Paris, FR","New York City, US",129,Low,Plane,2.58,0.2528939957260049,108.9098859880142
ORD1932,"Paris, FR","Tokyo, JP",1558,Medium,Train,46.739999999999995,0.21085845788936536,162.9234670881553
ORD1933,"London, UK","New York City, US",1674,Low,Plane,33.480000000000004,0.3757882444322399,224.83047552304342
ORD1934,"Tokyo, JP","Tokyo, JP",4497,High,Train,224.85000000000002,0.3983240590808449,222.3873660624708
ORD1935,"London, UK","New York City, US",328,High,Ship,16.400000000000002,0.1268679822040705,398.5889829939723
ORD1936,"Los Angeles, US","Cairo, EG",3872,Medium,Plane,116.16,0.11742139484821923,281.9790314580648
ORD1937,"Tokyo, JP","New York City, US",4968,High,Ship,248.4,0.39344682991879854,218.23144123719467
ORD1938,"New York City, US","Los Angeles, US",3072,Low,Plane,61.44,0.3678883437588133,432.48856152170197
ORD1939,"Paris, FR","New York City, US",2168,Low,Plane,43.36,0.22474014299263634,262.0228460299591
ORD1940,"Cairo, EG","Tokyo, JP",3752,High,Ship,187.60000000000002,0.32431707136730925,143.45243455194384
ORD1941,"Paris, FR","London, UK",998,High,Train,49.900000000000006,0.12814168049751246,286.40978596193975
ORD1942,"Tokyo, JP","Tokyo, JP",468,Low,Ship,9.36,0.2676980234102935,459.27078537284837
ORD1943,"New York City, US","Paris, FR",4552,Medium,Plane,136.56,0.17959598589786696,419.69585224453357
ORD1944,"Los Angeles, US","London, UK",1933,Medium,Train,57.989999999999995,0.208514603199458,273.2431589835894
ORD1945,"New York City, US","Paris, FR",3471,High,Train,173.55,0.3847794532985823,394.02525099126683
ORD1946,"Cairo, EG","New York City, US",4235,Medium,Plane,127.05,0.2912326637804693,104.22776733188657
ORD1947,"Cairo, EG","Cairo, EG",848,High,Ship,42.400000000000006,0.15773754165741552,100.93614567462876
ORD1948,"Tokyo, JP","Tokyo, JP",3504,Low,Plane,70.08,0.32734445864776673,305.527098786371
ORD1949,"Cairo, EG","New York City, US",3465,High,Ship,173.25,0.39858047145250186,498.0667766777904
ORD1950,"New York City, US","Paris, FR",2137,Medium,Plane,64.11,0.34484321916312544,400.4014460816309
ORD1951,"Tokyo, JP","Tokyo, JP",574,Medium,Plane,17.22,0.47673934828947795,371.47711884836264
ORD1952,"London, UK","New York City, US",1817,High,Ship,90.85000000000001,0.25427539125532983,275.9038792028829
ORD1953,"Cairo, EG","Tokyo, JP",3000,Low,Ship,60.0,0.39459258657670704,347.36768639120703
ORD1954,"Los Angeles, US","Tokyo, JP",4419,Low,Train,88.38,0.3980028841762292,87.52355312881886
ORD1955,"Los Angeles, US","Tokyo, JP",4311,Low,Ship,86.22,0.1871522733865051,164.61705508818085
ORD1956,"Paris, FR","London, UK",1652,High,Plane,82.60000000000001,0.2502268200788761,224.93704885880507
ORD1957,"Cairo, EG","Paris, FR",3811,Medium,Plane,114.33,0.3127015831781068,446.9976762295736
ORD1958,"London, UK","Tokyo, JP",3195,High,Ship,159.75,0.27042834774129487,155.61825715954774
ORD1959,"Cairo, EG","New York City, US",2373,Medium,Train,71.19,0.3085361872410955,405.73388902459243
ORD1960,"New York City, US","Cairo, EG",254,High,Train,12.700000000000001,0.3894694665203574,378.4459119525916
ORD1961,"Cairo, EG","London, UK",1795,Low,Plane,35.9,0.33223164514520415,467.73738162291573
ORD1962,"Cairo, EG","New York City, US",4913,Medium,Plane,147.39,0.25176249637870907,418.42479898737116
ORD1963,"Tokyo, JP","Los Angeles, US",3377,Medium,Train,101.31,0.3342014126551611,132.5707652485125
ORD1964,"Paris, FR","Tokyo, JP",4794,Low,Train,95.88,0.3730052762957018,338.1292276622065
ORD1965,"Los Angeles, US","Paris, FR",2184,Medium,Ship,65.52,0.40578333396874533,273.1995906315475
ORD1966,"Paris, FR","Paris, FR",4211,Medium,Ship,126.33,0.30500513964585096,470.8573007725645
ORD1967,"New York City, US","Cairo, EG",482,High,Ship,24.1,0.2965757514674199,484.09987090665527
ORD1968,"Tokyo, JP","New York City, US",2515,High,Ship,125.75,0.12792805502740015,112.7412914718012
ORD1969,"Cairo, EG","Paris, FR",3807,Medium,Plane,114.21,0.36893473702435364,85.35017046832593
ORD1970,"Los Angeles, US","Paris, FR",4423,Medium,Train,132.69,0.4431062207292379,72.85209416338027
ORD1971,"Los Angeles, US","Cairo, EG",3860,High,Train,193.0,0.3460348378300724,238.56214069102052
ORD1972,"Paris, FR","Los Angeles, US",1070,Medium,Plane,32.1,0.31679278685060935,408.1742286048374
ORD1973,"Tokyo, JP","London, UK",117,Low,Ship,2.34,0.33980941137285536,139.02210612683137
ORD1974,"New York City, US","New York City, US",1739,High,Ship,86.95,0.3469570029297758,367.22678088603107
ORD1975,"New York City, US","Cairo, EG",3752,High,Ship,187.60000000000002,0.3446466439987206,55.784898047450525
ORD1976,"Cairo, EG","Paris, FR",2254,Medium,Plane,67.62,0.47820536973996597,65.80575098042962
ORD1977,"Paris, FR","Los Angeles, US",615,High,Plane,30.75,0.4314452603403339,180.37867951825862
ORD1978,"London, UK","Paris, FR",1464,Low,Ship,29.28,0.27809542275109267,202.29327269421455
ORD1979,"Paris, FR","Paris, FR",4651,Medium,Train,139.53,0.10426033438692861,453.16222965630885
ORD1980,"London, UK","Paris, FR",3379,High,Plane,168.95000000000002,0.1511865792537829,133.56258113247605
ORD1981,"Cairo, EG","New York City, US",3872,Low,Plane,77.44,0.15493046776907082,479.65822104170337
ORD1982,"Tokyo, JP","New York City, US",3823,Low,Ship,76.46000000000001,0.2900936384395606,155.08729268322216
ORD1983,"New York City, US","Cairo, EG",2532,Low,Ship,50.64,0.46399910714955805,87.54213067470195
ORD1984,"Tokyo, JP","Cairo, EG",1043,Low,Ship,20.86,0.3163780004431329,160.63754167061592
ORD1985,"London, UK","New York City, US",4968,High,Ship,248.4,0.3288374852285282,393.0102583475199
ORD1986,"Paris, FR","Tokyo, JP",1438,Medium,Ship,43.14,0.29284748597711985,89.62208002546214
ORD1987,"Los Angeles, US","Cairo, EG",833,Medium,Ship,24.99,0.3868137247210608,343.5053098162555
ORD1988,"Los Angeles, US","Paris, FR",1216,High,Ship,60.800000000000004,0.22647500852814623,79.10275934138318
ORD1989,"Tokyo, JP","New York City, US",891,Medium,Train,26.73,0.4182679256854883,362.478091623342
ORD1990,"Tokyo, JP","Cairo, EG",4259,Low,Train,85.18,0.47548101254357067,123.29247343607253
ORD1991,"Los Angeles, US","New York City, US",866,Medium,Ship,25.98,0.2400578929715197,435.3157912454492
ORD1992,"London, UK","Cairo, EG",3379,Medium,Ship,101.36999999999999,0.14930043422482575,181.2194354033958
ORD1993,"Los Angeles, US","New York City, US",1888,High,Ship,94.4,0.42626944731450656,334.8660836590429
ORD1994,"Tokyo, JP","Cairo, EG",4580,Low,Train,91.60000000000001,0.1291267806663043,87.76823078631233
ORD1995,"Paris, FR","Tokyo, JP",2437,High,Train,121.85000000000001,0.12166691756685429,439.54432825664986
ORD1996,"London, UK","Cairo, EG",1869,Low,Plane,37.38,0.31356812532955625,235.63781237771397
ORD1997,"London, UK","Cairo, EG",3579,Medium,Ship,107.36999999999999,0.43365339085686694,52.00157436506083
ORD1998,"Tokyo, JP","New York City, US",4028,Low,Ship,80.56,0.23323289434301261,368.62311861133514
ORD1999,"New York City, US","Cairo, EG",2323,Low,Train,46.46,0.38819679698621723,112.69509021516869
